filename,worker,CT spam,manual spam,workerCosine,workerDisagreement,sounds,keywordsPerSound,wordsPerSound,charPerSound,wordsPerKeyword,charPerKeyword,charPerWord
1-1-99-f669064.csv,29611985,0,0,0.627,0.708,29,1.448,1.621,10.207,1.119,7.048,6.298
1-1-99-f669064.csv,18540373,0,0,0.784,0.785,30,1.4,2.067,12.133,1.476,8.667,5.871
1-1-99-f669064.csv,23583649,0,0,0.797,0.781,30,1.033,1.7,10.133,1.645,9.806,5.961
1-1-99-f669064.csv,25358052,0,0,0.723,0.784,30,1.867,2.4,14.633,1.286,7.839,6.097
1-1-99-f669064.csv,30605795,0,0,0.872,0.842,12,1.0,1.333,6.083,1.333,6.083,4.563
1-1-99-f669064.csv,6413571,0,0,0.939,0.867,3,1.0,2.667,16.0,2.667,16.0,6.0
1-1-99-f669064.csv,1924522,0,0,0.706,0.739,30,1.0,1.5,8.9,1.5,8.9,5.933
1-1-99-f669064.csv,15852781,0,0,0.818,0.808,9,1.667,3.222,22.556,1.933,13.533,7.0
1-1-99-f669064.csv,17472630,0,0,0.872,0.835,12,1.75,2.5,15.0,1.429,8.571,6.0
1-1-99-f669064.csv,21832559,0,0,0.74,0.776,12,1.583,2.75,16.917,1.737,10.684,6.152
1-1-99-f669064.csv,18960682,0,0,0.827,0.814,9,2.222,2.556,16.111,1.15,7.25,6.304
1-1-99-f669064.csv,30130222,0,0,0.596,0.707,7,2.143,3.143,16.571,1.467,7.733,5.273
1-1-99-f669064.csv,20379980,0,0,0.674,0.748,30,1.833,2.267,14.167,1.236,7.727,6.25
1-1-99-f669064.csv,29025907,0,0,0.709,0.752,16,1.75,3.438,20.375,1.964,11.643,5.927
1-1-99-f669064.csv,30505882,0,0,0.77,0.77,30,1.067,1.533,8.867,1.438,8.313,5.783
1-1-99-f669064.csv,11295497,0,0,0.658,0.689,29,1.0,1.276,7.862,1.276,7.862,6.162
1-1-99-f669064.csv,19602039,0,0,0.707,0.755,10,2.1,2.8,15.3,1.333,7.286,5.464
1-1-99-f669064.csv,30544555,0,0,0.832,0.813,15,2.0,2.067,10.533,1.033,5.267,5.097
1-1-99-f669064.csv,30983236,0,0,0.802,0.813,15,2.0,3.6,23.133,1.8,11.567,6.426
1-1-99-f669064.csv,10032240,0,0,0.927,0.879,6,1.5,1.5,8.167,1.0,5.444,5.444
1-1-99-f669064.csv,25111984,0,0,0.754,0.785,30,3.033,3.8,23.767,1.253,7.835,6.254
1-1-99-f669064.csv,3262732,0,1,0.776,0.78,30,1.0,1.233,6.633,1.233,6.633,5.378
1-1-99-f669064.csv,25990856,0,0,0.75,0.832,3,1.0,3.0,14.333,3.0,14.333,4.778
1-1-99-f669064.csv,6574449,0,1,0.921,0.862,30,1.0,1.1,4.567,1.1,4.567,4.152
1-1-99-f669064.csv,14848125,0,0,1.0,0.9,3,2.333,2.333,16.0,1.0,6.857,6.857
1-1-99-f669064.csv,25523588,0,0,0.664,0.653,3,1.667,2.0,12.0,1.2,7.2,6.0
1-1-99-f669064.csv,26282983,0,0,0.735,0.761,10,1.3,2.3,12.1,1.769,9.308,5.261
1-1-99-f669064.csv,18571337,0,0,0.731,0.766,30,1.267,1.633,9.267,1.289,7.316,5.673
1-1-99-f669064.csv,6340330,0,0,0.513,0.595,5,3.0,3.2,19.0,1.067,6.333,5.938
1-1-99-f669064.csv,11382239,0,0,0.734,0.761,7,1.286,1.429,8.143,1.111,6.333,5.7
1-1-99-f669064.csv,18836689,0,0,0.814,0.85,1,1.0,1.0,4.0,1.0,4.0,4.0
1-1-99-f669064.csv,573245,0,0,0.646,0.717,12,1.0,1.167,6.667,1.167,6.667,5.714
1-1-99-f669064.csv,28307063,0,0,0.723,0.742,15,1.8,3.8,23.067,2.111,12.815,6.07
1-1-99-f669064.csv,14353703,0,0,0.594,0.675,15,2.533,2.8,15.733,1.105,6.211,5.619
1-1-99-f669064.csv,19068162,0,0,0.749,0.764,30,2.933,3.333,21.7,1.136,7.398,6.51
1-1-99-f669064.csv,20602057,0,0,0.784,0.811,30,1.067,1.233,6.9,1.156,6.469,5.595
1-1-99-f669064.csv,6362702,0,0,0.771,0.786,12,1.167,1.417,8.5,1.214,7.286,6.0
1-1-99-f669064.csv,13763729,0,0,0.737,0.763,29,2.621,2.759,15.241,1.053,5.816,5.525
1-1-99-f669064.csv,18720630,0,0,0.626,0.675,9,2.111,2.667,15.111,1.263,7.158,5.667
1-1-99-f669064.csv,21689491,0,0,0.615,0.75,1,1.0,4.0,17.0,4.0,17.0,4.25
1-1-99-f669064.csv,15777392,0,0,0.654,0.719,29,1.276,1.552,8.897,1.216,6.973,5.733
1-1-99-f669064.csv,29582088,0,0,0.746,0.802,3,1.0,1.333,6.667,1.333,6.667,5.0
1-1-99-f669064.csv,29686407,0,0,0.753,0.766,29,2.966,3.448,23.379,1.163,7.884,6.78
1-1-99-f669064.csv,16334880,0,0,0.718,0.768,30,1.0,1.167,6.833,1.167,6.833,5.857
1-1-99-f669064.csv,26360131,0,0,0.805,0.792,7,3.0,3.571,19.286,1.19,6.429,5.4
1-1-99-f669064.csv,21507445,0,0,0.73,0.765,29,1.448,1.586,11.034,1.095,7.619,6.957
1-1-99-f669064.csv,9466878,0,0,0.573,0.653,7,2.143,3.143,15.429,1.467,7.2,4.909
1-1-99-f669064.csv,24779993,0,0,0.736,0.801,3,1.333,1.667,13.0,1.25,9.75,7.8
1-1-99-f669064.csv,21785776,0,0,0.637,0.684,3,2.333,2.333,13.333,1.0,5.714,5.714
1-1-99-f669064.csv,28703583,0,0,0.781,0.771,30,1.467,1.7,9.667,1.159,6.591,5.686
1-1-99-f669064.csv,16826339,0,0,0.884,0.859,6,1.0,1.333,8.833,1.333,8.833,6.625
1-1-99-f669064.csv,11864493,0,0,0.718,0.775,3,1.0,1.333,9.667,1.333,9.667,7.25
1-1-99-f669064.csv,6352345,0,0,0.858,0.844,9,1.222,1.333,8.333,1.091,6.818,6.25
1-1-99-f669064.csv,19495345,0,0,0.592,0.55,3,2.667,5.0,30.0,1.875,11.25,6.0
1-1-99-f669064.csv,6228981,0,0,0.738,0.758,15,3.133,3.4,17.067,1.085,5.447,5.02
1-1-99-f669064.csv,28755767,0,0,0.729,0.771,29,1.069,1.241,7.586,1.161,7.097,6.111
1-1-99-f669064.csv,1495820,0,0,0.889,0.838,9,2.778,3.111,16.778,1.12,6.04,5.393
1-1-99-f669064.csv,16762164,0,0,0.739,0.725,4,5.0,7.25,42.75,1.45,8.55,5.897
1-1-99-f669064.csv,27077723,0,0,0.711,0.766,29,1.172,1.448,8.207,1.235,7.0,5.667
1-1-99-f669064.csv,27939470,0,0,0.707,0.778,29,1.0,1.966,12.483,1.966,12.483,6.351
1-1-99-f669064.csv,30695793,0,0,0.972,0.887,15,1.0,2.733,12.533,2.733,12.533,4.585
2-1-150-f680552.csv,20106408,0,0,0.708,0.833,6,5.0,5.833,36.667,1.167,7.333,6.286
2-1-150-f680552.csv,29611985,0,0,0.789,0.78,30,1.6,2.1,12.667,1.313,7.917,6.032
2-1-150-f680552.csv,26151546,0,0,0.758,0.784,36,1.25,2.167,12.222,1.733,9.778,5.641
2-1-150-f680552.csv,21678835,0,0,0.352,0.6,3,1.667,1.667,9.333,1.0,5.6,5.6
2-1-150-f680552.csv,12918534,0,0,0.747,0.788,15,2.0,2.133,11.467,1.067,5.733,5.375
2-1-150-f680552.csv,9001027,0,0,0.839,0.86,6,3.333,3.333,20.833,1.0,6.25,6.25
2-1-150-f680552.csv,18649173,0,0,0.705,0.746,6,1.0,2.0,12.0,2.0,12.0,6.0
2-1-150-f680552.csv,1924522,0,0,0.879,0.844,24,1.0,1.458,9.417,1.458,9.417,6.457
2-1-150-f680552.csv,23352788,0,0,0.785,0.757,30,1.0,1.9,11.733,1.9,11.733,6.175
2-1-150-f680552.csv,31241093,0,0,0.652,0.713,60,1.267,1.583,9.55,1.25,7.539,6.032
2-1-150-f680552.csv,1894315,0,0,1.0,0.9,6,1.0,1.5,9.5,1.5,9.5,6.333
2-1-150-f680552.csv,31166078,0,0,0.849,0.796,12,1.167,2.083,10.917,1.786,9.357,5.24
2-1-150-f680552.csv,29025907,0,0,0.754,0.786,60,1.767,2.467,15.5,1.396,8.774,6.284
2-1-150-f680552.csv,18504759,0,0,0.899,0.848,12,1.417,1.583,8.75,1.118,6.176,5.526
2-1-150-f680552.csv,29155723,0,0,0.756,0.786,30,1.5,1.8,11.1,1.2,7.4,6.167
2-1-150-f680552.csv,25501111,0,0,0.805,0.791,30,1.3,1.367,7.767,1.051,5.974,5.683
2-1-150-f680552.csv,27903177,0,0,0.787,0.833,3,2.0,3.333,18.667,1.667,9.333,5.6
2-1-150-f680552.csv,18972023,0,0,0.75,0.749,6,2.667,5.333,30.5,2.0,11.438,5.719
2-1-150-f680552.csv,23585686,0,0,0.766,0.755,15,1.133,1.2,6.267,1.059,5.529,5.222
2-1-150-f680552.csv,23340303,0,0,0.702,0.712,3,1.0,2.333,16.0,2.333,16.0,6.857
2-1-150-f680552.csv,15777392,0,0,0.69,0.739,30,1.6,1.933,11.033,1.208,6.896,5.707
2-1-150-f680552.csv,6338946,0,0,0.71,0.705,6,2.167,3.167,17.5,1.462,8.077,5.526
2-1-150-f680552.csv,29139615,0,0,0.772,0.749,21,1.0,4.0,25.524,4.0,25.524,6.381
2-1-150-f680552.csv,30313417,0,0,0.95,0.867,3,2.0,4.667,23.333,2.333,11.667,5.0
2-1-150-f680552.csv,19495345,0,0,0.825,0.768,9,1.111,3.0,18.778,2.7,16.9,6.259
2-1-150-f680552.csv,21875134,0,0,0.735,0.786,3,3.667,3.667,16.667,1.0,4.545,4.545
2-1-150-f680552.csv,11007322,0,0,0.775,0.783,3,2.333,2.333,14.667,1.0,6.286,6.286
2-1-150-f680552.csv,21986514,0,0,0.812,0.821,12,2.167,2.667,15.25,1.231,7.038,5.719
2-1-150-f680552.csv,21799277,0,0,0.849,0.819,3,3.0,3.333,21.667,1.111,7.222,6.5
2-1-150-f680552.csv,25358052,0,0,0.805,0.829,6,1.667,2.833,13.167,1.7,7.9,4.647
2-1-150-f680552.csv,30009770,0,0,0.62,0.7,3,1.333,5.0,30.0,3.75,22.5,6.0
2-1-150-f680552.csv,16878855,0,0,0.911,0.848,30,1.4,1.733,10.4,1.238,7.429,6.0
2-1-150-f680552.csv,18960682,0,0,0.74,0.807,3,1.667,2.667,17.667,1.6,10.6,6.625
2-1-150-f680552.csv,30544555,0,0,0.625,0.691,6,3.667,5.167,28.0,1.409,7.636,5.419
2-1-150-f680552.csv,21956458,0,0,0.799,0.836,3,3.0,3.333,20.333,1.111,6.778,6.1
2-1-150-f680552.csv,25757318,0,0,0.684,0.733,30,1.367,1.867,11.833,1.366,8.659,6.339
2-1-150-f680552.csv,19004168,0,0,0.888,0.836,12,1.5,1.833,13.583,1.222,9.056,7.409
2-1-150-f680552.csv,13300986,0,0,0.674,0.733,15,2.2,2.867,15.067,1.303,6.848,5.256
2-1-150-f680552.csv,23354127,0,0,0.83,0.839,6,3.0,4.667,31.667,1.556,10.556,6.786
2-1-150-f680552.csv,19972883,0,0,0.806,0.833,3,2.0,2.667,15.0,1.333,7.5,5.625
2-1-150-f680552.csv,30489373,0,0,0.784,0.788,84,2.733,3.189,19.133,1.201,7.205,6.0
2-1-150-f680552.csv,17912749,0,0,1.0,0.9,3,1.0,1.0,6.333,1.0,6.333,6.333
2-1-150-f680552.csv,28206320,0,0,1.0,0.9,3,2.0,2.0,14.0,1.0,7.0,7.0
2-1-150-f680552.csv,2156923,0,0,0.663,0.742,3,1.333,1.333,8.667,1.0,6.5,6.5
2-1-150-f680552.csv,28209666,0,0,0.61,0.766,3,1.667,2.0,13.667,1.2,8.2,6.833
2-1-150-f680552.csv,24779993,0,0,0.832,0.823,3,1.0,1.0,6.667,1.0,6.667,6.667
2-1-150-f680552.csv,25212093,0,0,0.707,0.623,3,4.667,6.667,31.0,1.429,6.643,4.65
2-1-150-f680552.csv,14583334,0,0,0.734,0.778,30,2.867,3.433,21.0,1.198,7.326,6.117
2-1-150-f680552.csv,29387367,0,0,0.888,0.85,3,1.333,1.333,6.333,1.0,4.75,4.75
2-1-150-f680552.csv,11896941,0,0,0.851,0.822,3,1.0,1.333,6.667,1.333,6.667,5.0
2-1-150-f680552.csv,6009814,0,0,0.915,0.87,6,1.0,1.0,5.167,1.0,5.167,5.167
2-1-150-f680552.csv,29962254,0,0,0.915,0.862,30,1.0,1.867,11.567,1.867,11.567,6.196
2-1-150-f680552.csv,29488882,0,0,0.718,0.752,30,3.067,3.133,18.089,1.237,7.14,5.773
2-1-150-f680552.csv,27939470,0,0,0.775,0.786,30,1.0,1.5,9.7,1.5,9.7,6.467
2-1-150-f680552.csv,23930372,0,0,0.853,0.808,3,3.667,4.667,27.0,1.273,7.364,5.786
2-1-150-f680552.csv,21766842,0,0,0.837,0.825,12,1.083,1.917,12.417,1.769,11.462,6.478
2-1-150-f680552.csv,23583649,0,0,0.935,0.861,6,1.167,1.5,9.0,1.286,7.714,6.0
2-1-150-f680552.csv,30398579,0,0,0.887,0.832,12,3.75,6.167,39.25,1.644,10.467,6.365
2-1-150-f680552.csv,31295041,0,0,0.88,0.848,30,1.067,1.167,6.2,1.094,5.813,5.314
2-1-150-f680552.csv,12717143,0,0,0.813,0.769,3,2.333,3.0,14.0,1.286,6.0,4.667
2-1-150-f680552.csv,29812109,0,0,0.943,0.88,3,1.667,2.333,16.0,1.4,9.6,6.857
2-1-150-f680552.csv,30188827,0,0,0.971,0.874,6,2.667,2.833,17.833,1.063,6.688,6.294
2-1-150-f680552.csv,30783876,0,0,0.693,0.736,24,2.292,3.625,22.083,1.582,9.636,6.092
2-1-150-f680552.csv,27102601,0,0,0.625,0.781,3,2.333,3.0,22.333,1.286,9.571,7.444
2-1-150-f680552.csv,19294877,0,0,0.795,0.834,6,2.0,3.167,17.167,1.583,8.583,5.421
2-1-150-f680552.csv,10213750,0,0,0.851,0.816,27,1.815,2.037,10.481,1.122,5.776,5.145
2-1-150-f680552.csv,8567276,0,0,0.905,0.863,6,1.333,5.167,26.833,3.875,20.125,5.194
2-1-150-f680552.csv,17877765,0,0,0.88,0.829,3,2.667,3.0,16.333,1.125,6.125,5.444
2-1-150-f680552.csv,11724736,0,0,0.897,0.842,3,2.333,2.333,13.667,1.0,5.857,5.857
2-1-150-f680552.csv,20158161,0,0,0.788,0.82,9,2.222,2.778,17.222,1.25,7.75,6.2
2-1-150-f680552.csv,8492634,0,0,0.746,0.768,18,2.944,3.278,19.389,1.113,6.585,5.915
2-1-150-f680552.csv,19068162,0,0,0.833,0.814,30,2.9,3.233,20.733,1.115,7.149,6.412
2-1-150-f680552.csv,28810858,0,0,0.81,0.812,15,1.733,2.467,14.733,1.423,8.5,5.973
2-1-150-f680552.csv,21568821,0,0,0.686,0.762,30,1.533,2.433,12.433,1.587,8.109,5.11
2-1-150-f680552.csv,30473055,0,0,0.885,0.836,15,1.733,2.733,16.067,1.577,9.269,5.878
2-1-150-f680552.csv,25257275,0,0,0.584,0.669,3,2.0,2.333,11.333,1.167,5.667,4.857
2-1-150-f680552.csv,16826339,0,0,0.881,0.859,9,1.0,1.333,7.778,1.333,7.778,5.833
2-1-150-f680552.csv,7348582,0,0,0.853,0.832,6,2.0,2.0,14.167,1.0,7.083,7.083
2-1-150-f680552.csv,12878402,0,0,0.784,0.793,6,2.833,3.333,22.0,1.176,7.765,6.6
2-1-150-f680552.csv,30505882,0,0,0.905,0.862,30,1.0,1.267,6.733,1.267,6.733,5.316
2-1-150-f680552.csv,17656001,0,0,0.92,0.86,9,2.778,4.333,21.556,1.56,7.76,4.974
2-1-150-f680552.csv,11014534,0,0,1.0,0.9,3,1.333,4.333,25.333,3.25,19.0,5.846
2-1-150-f680552.csv,18749666,0,0,0.634,0.737,3,1.667,2.0,10.333,1.2,6.2,5.167
2-1-150-f680552.csv,31140504,0,0,0.798,0.808,3,1.333,2.0,15.0,1.5,11.25,7.5
2-1-150-f680552.csv,13121046,0,0,0.824,0.806,30,1.567,2.067,13.3,1.319,8.489,6.435
2-1-150-f680552.csv,30572823,0,0,0.831,0.815,27,1.259,2.407,14.556,1.912,11.559,6.046
2-1-150-f680552.csv,13253916,0,0,0.94,0.889,3,1.0,1.0,6.333,1.0,6.333,6.333
2-1-150-f680552.csv,16762164,0,0,0.783,0.766,30,4.767,5.133,31.3,1.077,6.566,6.097
2-1-150-f680552.csv,3587109,0,0,0.79,0.815,60,1.067,2.45,13.15,2.297,12.328,5.367
2-1-150-f680552.csv,6336109,0,0,1.0,0.9,3,1.0,1.0,8.0,1.0,8.0,8.0
2-1-150-f680552.csv,15439740,0,0,0.901,0.861,30,1.233,1.567,9.867,1.27,8.0,6.298
2-1-150-f680552.csv,6352345,0,0,0.81,0.816,6,2.0,2.167,11.5,1.083,5.75,5.308
2-1-150-f680552.csv,18569146,0,0,0.859,0.83,15,2.133,2.333,15.533,1.094,7.281,6.657
2-1-150-f680552.csv,6334158,0,0,0.771,0.805,30,1.2,2.233,14.133,1.861,11.778,6.328
2-1-150-f680552.csv,22064369,0,0,0.779,0.769,3,3.0,4.333,24.333,1.444,8.111,5.615
2-1-150-f680552.csv,28675156,0,0,0.824,0.822,30,2.1,2.267,11.033,1.079,5.254,4.868
2-1-150-f680552.csv,6748427,0,0,0.78,0.813,30,1.1,2.1,13.7,1.909,12.455,6.524
2-1-150-f680552.csv,20306700,0,0,0.916,0.844,9,2.0,2.222,11.667,1.111,5.833,5.25
2-1-150-f680552.csv,23854732,0,0,0.424,0.646,3,1.667,3.667,20.333,2.2,12.2,5.545
2-2-150-f681956.csv,31217877,0,0,0.937,0.889,3,6.0,8.0,45.333,1.333,7.556,5.667
2-2-150-f681956.csv,29611985,0,0,0.837,0.831,30,1.7,2.033,10.9,1.196,6.412,5.361
2-2-150-f681956.csv,17121874,0,0,0.698,0.767,3,1.0,1.667,11.0,1.667,11.0,6.6
2-2-150-f681956.csv,12918534,0,0,0.882,0.85,12,2.667,2.917,19.5,1.094,7.313,6.686
2-2-150-f681956.csv,30726390,0,0,0.865,0.841,24,1.042,1.417,8.875,1.36,8.52,6.265
2-2-150-f681956.csv,11096828,0,0,0.629,0.78,3,3.333,4.0,23.0,1.2,6.9,5.75
2-2-150-f681956.csv,29902780,0,0,0.834,0.833,30,2.367,3.4,19.833,1.437,8.38,5.833
2-2-150-f681956.csv,21614812,0,0,0.887,0.849,30,1.233,1.4,8.1,1.135,6.568,5.786
2-2-150-f681956.csv,23352788,0,0,0.632,0.749,9,1.0,2.889,16.667,2.889,16.667,5.769
2-2-150-f681956.csv,31241093,0,0,0.804,0.793,15,1.0,1.0,4.8,1.0,4.8,4.8
2-2-150-f681956.csv,16844474,0,0,0.69,0.789,30,2.3,9.933,60.933,4.319,26.493,6.134
2-2-150-f681956.csv,24237379,0,0,0.937,0.873,6,1.167,1.333,8.333,1.143,7.143,6.25
2-2-150-f681956.csv,1894315,0,0,0.862,0.829,18,1.0,2.0,10.833,2.0,10.833,5.417
2-2-150-f681956.csv,31166078,0,0,0.847,0.835,30,1.167,1.5,7.8,1.286,6.686,5.2
2-2-150-f681956.csv,29025907,0,0,0.892,0.856,30,2.133,2.433,13.233,1.141,6.203,5.438
2-2-150-f681956.csv,18504759,0,0,0.972,0.889,9,1.0,1.333,6.667,1.333,6.667,5.0
2-2-150-f681956.csv,25501111,0,0,0.931,0.865,18,1.0,1.167,7.556,1.167,7.556,6.476
2-2-150-f681956.csv,28224649,0,0,0.912,0.873,3,3.667,4.333,30.0,1.182,8.182,6.923
2-2-150-f681956.csv,18972023,0,0,0.897,0.857,30,1.867,2.2,12.833,1.179,6.875,5.833
2-2-150-f681956.csv,31277242,0,0,0.733,0.791,30,2.333,3.633,22.0,1.557,9.429,6.055
2-2-150-f681956.csv,6748427,0,0,0.841,0.826,21,1.143,2.762,16.571,2.417,14.5,6.0
2-2-150-f681956.csv,24133548,0,0,0.81,0.825,24,2.0,2.333,13.583,1.167,6.792,5.821
2-2-150-f681956.csv,27601799,0,0,0.84,0.84,9,1.111,1.333,8.444,1.2,7.6,6.333
2-2-150-f681956.csv,31483429,0,0,0.799,0.843,3,1.0,1.0,4.667,1.0,4.667,4.667
2-2-150-f681956.csv,19495345,0,0,0.799,0.82,30,1.767,2.9,16.867,1.642,9.547,5.816
2-2-150-f681956.csv,11837891,0,0,0.705,0.733,3,1.0,1.0,7.333,1.0,7.333,7.333
2-2-150-f681956.csv,31484336,0,0,0.776,0.831,30,3.2,3.567,21.833,1.115,6.823,6.121
2-2-150-f681956.csv,16441906,0,0,0.907,0.861,9,1.0,1.333,7.333,1.333,7.333,5.5
2-2-150-f681956.csv,18540373,0,0,0.836,0.833,15,2.0,3.267,20.133,1.633,10.067,6.163
2-2-150-f681956.csv,21163923,0,0,0.913,0.842,3,2.0,2.0,10.0,1.0,5.0,5.0
2-2-150-f681956.csv,16878855,0,0,0.862,0.837,21,1.095,1.286,6.905,1.174,6.304,5.37
2-2-150-f681956.csv,28396934,0,0,0.816,0.819,6,2.167,3.0,20.0,1.385,9.231,6.667
2-2-150-f681956.csv,25757318,0,0,0.775,0.813,30,1.6,1.9,12.0,1.188,7.5,6.316
2-2-150-f681956.csv,31375116,0,0,0.836,0.826,15,1.4,1.667,8.133,1.19,5.81,4.88
2-2-150-f681956.csv,19004168,0,0,0.898,0.859,12,1.0,1.75,10.417,1.75,10.417,5.952
2-2-150-f681956.csv,29872709,0,0,0.832,0.829,24,2.125,2.667,14.875,1.255,7.0,5.578
2-2-150-f681956.csv,30489373,0,0,0.714,0.791,60,2.85,3.5,19.717,1.228,6.918,5.633
2-2-150-f681956.csv,17973743,0,0,0.931,0.873,30,1.5,1.533,11.333,1.022,7.556,7.391
2-2-150-f681956.csv,31374612,0,0,1.0,0.9,3,1.0,1.0,4.333,1.0,4.333,4.333
2-2-150-f681956.csv,21689491,0,0,0.855,0.83,3,2.0,2.0,10.0,1.0,5.0,5.0
2-2-150-f681956.csv,31066150,0,0,0.877,0.832,6,2.0,4.667,28.333,2.333,14.167,6.071
2-2-150-f681956.csv,17609723,0,0,0.71,0.811,3,1.0,1.667,11.667,1.667,11.667,7.0
2-2-150-f681956.csv,1859054,0,0,0.846,0.802,3,1.667,1.667,8.667,1.0,5.2,5.2
2-2-150-f681956.csv,28096940,0,0,0.683,0.777,3,3.0,3.333,20.667,1.111,6.889,6.2
2-2-150-f681956.csv,8372126,0,0,0.706,0.751,3,2.333,2.667,12.333,1.143,5.286,4.625
2-2-150-f681956.csv,18144011,0,0,0.759,0.802,27,2.444,3.704,20.778,1.515,8.5,5.61
2-2-150-f681956.csv,29795602,0,0,0.744,0.8,21,1.19,2.81,16.905,2.36,14.2,6.017
2-2-150-f681956.csv,6009814,0,0,0.918,0.86,30,1.0,1.133,5.6,1.133,5.6,4.941
2-2-150-f681956.csv,29962254,0,0,0.902,0.855,30,1.0,1.3,6.367,1.3,6.367,4.897
2-2-150-f681956.csv,28868712,0,0,0.916,0.861,12,1.75,1.917,11.0,1.095,6.286,5.739
2-2-150-f681956.csv,6340447,0,0,0.875,0.861,3,3.0,3.0,17.333,1.0,5.778,5.778
2-2-150-f681956.csv,27939470,0,0,0.848,0.827,30,1.033,1.267,6.267,1.226,6.065,4.947
2-2-150-f681956.csv,18990100,0,0,0.843,0.837,30,1.433,2.8,16.433,1.953,11.465,5.869
2-2-150-f681956.csv,23583649,0,0,0.783,0.828,9,1.333,1.667,8.667,1.25,6.5,5.2
2-2-150-f681956.csv,29849805,0,0,0.941,0.886,3,2.333,2.333,15.333,1.0,6.571,6.571
2-2-150-f681956.csv,16621239,0,0,0.856,0.824,6,3.0,3.333,19.833,1.111,6.611,5.95
2-2-150-f681956.csv,13300986,0,0,0.911,0.866,15,1.6,1.733,11.067,1.083,6.917,6.385
2-2-150-f681956.csv,29812109,0,0,0.77,0.798,9,3.333,3.778,19.444,1.133,5.833,5.147
2-2-150-f681956.csv,31491265,0,0,0.853,0.822,30,3.733,3.9,22.033,1.045,5.902,5.65
2-2-150-f681956.csv,27938835,0,0,0.772,0.815,18,3.444,3.722,20.389,1.081,5.919,5.478
2-2-150-f681956.csv,31499767,0,0,0.613,0.737,3,1.333,2.0,11.667,1.5,8.75,5.833
2-2-150-f681956.csv,10213750,0,0,0.876,0.855,30,1.767,2.033,10.467,1.151,5.925,5.148
2-2-150-f681956.csv,31073793,0,0,0.732,0.799,6,1.667,3.333,20.333,2.0,12.2,6.1
2-2-150-f681956.csv,31456277,0,0,0.79,0.77,3,5.333,6.0,32.0,1.125,6.0,5.333
2-2-150-f681956.csv,19068162,0,0,0.93,0.87,30,2.3,2.333,14.167,1.014,6.159,6.071
2-2-150-f681956.csv,24564999,0,0,0.87,0.843,30,1.2,1.3,6.767,1.083,5.639,5.205
2-2-150-f681956.csv,15349219,0,0,1.0,0.9,3,3.0,3.667,22.0,1.222,7.333,6.0
2-2-150-f681956.csv,30473055,0,0,0.584,0.771,3,1.667,2.333,15.667,1.4,9.4,6.714
2-2-150-f681956.csv,6587538,0,0,0.952,0.867,3,2.0,2.0,14.667,1.0,7.333,7.333
2-2-150-f681956.csv,29857340,0,0,0.872,0.834,6,2.333,3.333,20.833,1.429,8.929,6.25
2-2-150-f681956.csv,26659245,0,0,0.886,0.856,18,1.222,1.889,10.056,1.545,8.227,5.324
2-2-150-f681956.csv,31400125,0,0,0.843,0.862,6,1.0,2.0,12.667,2.0,12.667,6.333
2-2-150-f681956.csv,27077723,0,0,0.966,0.885,30,1.267,1.3,5.833,1.026,4.605,4.487
2-2-150-f681956.csv,31157999,0,0,0.769,0.795,30,3.767,5.333,32.4,1.416,8.602,6.075
2-2-150-f681956.csv,31033819,0,0,1.0,0.9,30,1.0,1.6,7.4,1.6,7.4,4.625
2-2-150-f681956.csv,30210544,0,0,0.935,0.876,9,2.889,3.111,18.0,1.077,6.231,5.786
2-2-150-f681956.csv,8493824,0,0,0.784,0.835,6,1.0,2.5,13.833,2.5,13.833,5.533
2-2-150-f681956.csv,14417445,0,0,0.761,0.813,3,1.0,2.667,13.0,2.667,13.0,4.875
2-2-150-f681956.csv,6720676,0,0,0.865,0.837,24,1.792,2.125,12.083,1.186,6.744,5.686
2-2-150-f681956.csv,18749666,0,0,0.855,0.878,3,1.667,2.0,13.333,1.2,8.0,6.667
2-2-150-f681956.csv,15143610,0,0,1.0,0.9,3,1.333,1.333,8.333,1.0,6.25,6.25
2-2-150-f681956.csv,22326425,0,0,0.918,0.871,30,1.067,1.233,6.6,1.156,6.188,5.351
2-2-150-f681956.csv,13121046,0,0,0.924,0.874,30,1.367,1.433,9.767,1.049,7.146,6.814
2-2-150-f681956.csv,30572823,0,0,0.848,0.862,30,1.133,2.1,12.333,1.853,10.882,5.873
2-2-150-f681956.csv,30968810,0,0,1.0,0.9,3,1.667,4.0,19.0,2.4,11.4,4.75
2-2-150-f681956.csv,31062219,0,0,0.892,0.85,24,2.0,2.167,10.5,1.083,5.25,4.846
2-2-150-f681956.csv,3587109,0,0,0.877,0.844,6,1.5,2.0,9.0,1.333,6.0,4.5
2-2-150-f681956.csv,15155106,0,0,0.757,0.807,30,1.767,3.1,16.267,1.755,9.208,5.247
2-2-150-f681956.csv,19070755,0,0,0.692,0.806,3,1.333,5.333,30.0,4.0,22.5,5.625
2-2-150-f681956.csv,6352345,0,0,0.924,0.858,15,2.267,3.067,18.667,1.353,8.235,6.087
2-2-150-f681956.csv,6334158,0,0,0.957,0.881,12,1.25,2.583,13.167,2.067,10.533,5.097
2-2-150-f681956.csv,28675156,0,0,0.752,0.81,30,2.267,2.3,10.633,1.015,4.691,4.623
2-2-150-f681956.csv,31159649,0,0,1.0,0.9,3,2.333,2.333,13.667,1.0,5.857,5.857
2-3-150-f683873.csv,15777392,0,0,0.652,0.749,30,1.633,2.367,13.033,1.449,7.98,5.507
2-3-150-f683873.csv,18540373,0,0,0.764,0.799,30,2.067,2.533,14.133,1.226,6.839,5.579
2-3-150-f683873.csv,21799277,0,0,0.7,0.758,9,2.222,2.889,15.0,1.3,6.75,5.192
2-3-150-f683873.csv,6581575,0,0,0.805,0.767,3,1.0,2.0,10.333,2.0,10.333,5.167
2-3-150-f683873.csv,5921708,0,0,0.742,0.8,15,2.067,2.467,15.133,1.194,7.323,6.135
2-3-150-f683873.csv,12918534,0,0,0.956,0.886,3,2.333,2.333,14.333,1.0,6.143,6.143
2-3-150-f683873.csv,9001027,0,0,0.789,0.808,30,3.567,3.967,23.467,1.112,6.579,5.916
2-3-150-f683873.csv,18535574,0,0,0.877,0.856,30,2.6,3.4,22.433,1.308,8.628,6.598
2-3-150-f683873.csv,29849805,0,0,0.926,0.872,9,2.333,3.0,20.889,1.286,8.952,6.963
2-3-150-f683873.csv,24796792,0,0,0.806,0.766,30,1.067,2.033,11.767,1.906,11.031,5.787
2-3-150-f683873.csv,21614812,0,0,0.851,0.803,30,1.2,1.467,8.667,1.222,7.222,5.909
2-3-150-f683873.csv,6338946,0,0,0.789,0.797,30,2.933,4.267,23.933,1.455,8.159,5.609
2-3-150-f683873.csv,31596224,0,0,0.75,0.737,12,2.583,6.583,39.083,2.548,15.129,5.937
2-3-150-f683873.csv,20379980,0,0,0.712,0.781,30,2.267,3.2,18.167,1.412,8.015,5.677
2-3-150-f683873.csv,29025907,0,0,0.789,0.798,30,1.833,3.2,20.967,1.745,11.436,6.552
2-3-150-f683873.csv,6587538,0,0,0.757,0.816,6,3.667,3.667,22.167,1.0,6.045,6.045
2-3-150-f683873.csv,19378092,0,0,0.704,0.778,6,3.0,3.333,17.833,1.111,5.944,5.35
2-3-150-f683873.csv,30758231,0,0,0.786,0.791,6,1.0,1.833,11.667,1.833,11.667,6.364
2-3-150-f683873.csv,31241093,0,0,0.702,0.74,24,1.042,1.292,7.792,1.24,7.48,6.032
2-3-150-f683873.csv,6340447,0,0,0.664,0.738,30,1.867,3.033,17.567,1.625,9.411,5.791
2-3-150-f683873.csv,22334089,0,0,0.276,0.576,3,2.333,3.667,20.0,1.571,8.571,5.455
2-3-150-f683873.csv,31065274,0,0,0.676,0.761,21,1.429,2.286,13.619,1.6,9.533,5.958
2-3-150-f683873.csv,9559045,0,0,0.725,0.82,3,1.667,1.667,9.333,1.0,5.6,5.6
2-3-150-f683873.csv,27102601,0,0,0.73,0.759,30,1.767,2.833,16.6,1.604,9.396,5.859
2-3-150-f683873.csv,23743236,0,0,0.747,0.776,18,1.0,1.389,7.944,1.389,7.944,5.72
2-3-150-f683873.csv,20770713,0,0,0.728,0.776,15,3.267,3.467,18.533,1.061,5.673,5.346
2-3-150-f683873.csv,20693658,0,0,0.633,0.75,9,2.667,4.222,24.667,1.583,9.25,5.842
2-3-150-f683873.csv,31390871,0,0,0.735,0.825,30,4.167,4.867,27.033,1.168,6.488,5.555
2-3-150-f683873.csv,27754226,0,0,0.714,0.728,15,1.2,1.867,11.533,1.556,9.611,6.179
2-3-150-f683873.csv,22396848,0,0,1.0,0.9,3,2.0,2.0,7.667,1.0,3.833,3.833
2-3-150-f683873.csv,31508257,0,0,0.878,0.85,6,3.0,5.167,36.333,1.722,12.111,7.032
2-3-150-f683873.csv,25523588,0,0,0.28,0.54,3,1.333,2.333,14.333,1.75,10.75,6.143
2-3-150-f683873.csv,27597031,0,0,0.69,0.791,30,2.033,2.633,15.567,1.295,7.656,5.911
2-3-150-f683873.csv,30489373,0,0,0.783,0.827,30,2.6,2.8,17.8,1.077,6.846,6.357
2-3-150-f683873.csv,27081124,0,0,0.868,0.846,9,2.0,2.333,15.111,1.167,7.556,6.476
2-3-150-f683873.csv,21743413,0,0,0.805,0.812,30,1.0,1.667,8.8,1.667,8.8,5.28
2-3-150-f683873.csv,4389600,0,0,0.712,0.743,24,2.833,4.708,25.458,1.662,8.985,5.407
2-3-150-f683873.csv,8492634,0,0,0.677,0.75,30,2.8,3.8,22.9,1.357,8.179,6.026
2-3-150-f683873.csv,12878402,0,0,0.802,0.779,3,3.0,3.333,21.667,1.111,7.222,6.5
2-3-150-f683873.csv,9855618,0,0,0.706,0.752,15,2.6,3.067,18.267,1.179,7.026,5.957
2-3-150-f683873.csv,28957238,0,0,0.675,0.708,9,2.222,3.222,19.778,1.45,8.9,6.138
2-3-150-f683873.csv,22518719,0,0,0.832,0.808,3,1.333,1.333,7.667,1.0,5.75,5.75
2-3-150-f683873.csv,21074119,0,0,0.607,0.737,6,1.833,4.167,23.0,2.273,12.545,5.52
2-3-150-f683873.csv,30210544,0,0,0.815,0.845,3,2.667,4.0,16.0,1.5,6.0,4.0
2-3-150-f683873.csv,28405874,0,0,0.877,0.806,6,2.167,3.167,19.667,1.462,9.077,6.211
2-3-150-f683873.csv,19014394,0,0,0.865,0.858,3,2.333,2.333,12.333,1.0,5.286,5.286
2-3-150-f683873.csv,29264114,0,0,0.88,0.85,24,1.0,1.625,8.333,1.625,8.333,5.128
2-3-150-f683873.csv,13551709,0,0,0.885,0.856,30,1.0,2.833,16.1,2.833,16.1,5.682
2-3-150-f683873.csv,15904260,0,0,0.729,0.79,30,1.333,2.467,15.067,1.85,11.3,6.108
2-3-150-f683873.csv,21689491,0,0,0.767,0.799,15,1.667,2.4,14.2,1.44,8.52,5.917
2-3-150-f683873.csv,30342401,0,0,0.803,0.776,30,1.1,1.833,11.1,1.667,10.091,6.055
2-3-150-f683873.csv,30242997,0,0,0.749,0.769,30,2.5,4.433,25.6,1.773,10.24,5.774
2-3-150-f683873.csv,16334880,0,0,0.747,0.796,30,1.033,1.3,7.2,1.258,6.968,5.538
2-3-150-f683873.csv,11035031,0,0,0.952,0.888,24,1.417,1.917,10.708,1.353,7.559,5.587
2-3-150-f683873.csv,17950689,0,0,0.827,0.812,30,2.633,3.1,18.7,1.177,7.101,6.032
2-3-150-f683873.csv,21507445,0,0,0.704,0.756,30,1.333,1.7,10.7,1.275,8.025,6.294
2-3-150-f683873.csv,21068477,0,0,0.779,0.811,9,1.667,2.333,15.222,1.4,9.133,6.524
2-3-150-f683873.csv,26075603,0,0,0.614,0.706,9,1.778,2.667,16.111,1.5,9.063,6.042
2-3-150-f683873.csv,30940715,0,0,0.751,0.804,30,1.867,2.2,14.533,1.179,7.786,6.606
2-3-150-f683873.csv,19780901,0,0,0.854,0.829,30,1.167,4.967,28.533,4.257,24.457,5.745
2-3-150-f683873.csv,28096940,0,0,0.768,0.774,30,3.133,3.367,19.0,1.074,6.064,5.644
2-3-150-f683873.csv,10319610,0,0,0.899,0.839,3,2.667,3.0,19.0,1.125,7.125,6.333
2-3-150-f683873.csv,29139615,0,0,0.836,0.842,30,1.0,4.267,24.833,4.267,24.833,5.82
2-3-150-f683873.csv,28790780,0,0,0.691,0.781,30,1.733,2.067,11.4,1.192,6.577,5.516
2-3-150-f683873.csv,14583334,0,0,0.842,0.802,30,2.167,2.733,17.233,1.262,7.954,6.305
2-3-150-f683873.csv,19495345,0,0,0.873,0.838,12,1.5,2.667,16.917,1.778,11.278,6.344
2-3-150-f683873.csv,27848251,0,0,0.53,0.685,3,1.333,2.0,14.333,1.5,10.75,7.167
2-3-150-f683873.csv,15823508,0,0,0.738,0.748,30,2.967,3.8,21.367,1.281,7.202,5.623
2-3-150-f683873.csv,25638993,0,0,0.868,0.845,30,1.0,1.433,7.8,1.433,7.8,5.442
2-3-150-f683873.csv,15180586,0,0,0.745,0.797,24,1.583,2.125,11.083,1.342,7.0,5.216
2-3-150-f683873.csv,23930372,0,0,0.66,0.741,30,3.233,3.667,22.067,1.134,6.825,6.018
2-3-150-f683873.csv,28675156,0,0,0.83,0.835,30,1.967,2.067,10.333,1.051,5.254,5.0
2-3-150-f683873.csv,21316803,0,0,0.815,0.817,18,1.611,2.111,13.111,1.31,8.138,6.211
2-3-150-f683873.csv,11460728,0,0,0.785,0.801,30,3.033,3.633,24.1,1.198,7.945,6.633
2-3-150-f683873.csv,27939470,0,0,0.785,0.832,30,1.0,1.467,8.7,1.467,8.7,5.932
2-3-150-f683873.csv,20587495,0,0,0.908,0.854,3,2.333,2.667,20.0,1.143,8.571,7.5
2-3-150-f683873.csv,607699,0,0,0.7,0.754,30,1.967,2.867,15.933,1.458,8.102,5.558
2-3-150-f683873.csv,29042555,0,0,1.0,0.9,6,1.0,1.0,4.5,1.0,4.5,4.5
2-4-150-2f685066.csv,18666417,0,0,0.599,0.656,6,1.167,2.5,15.833,2.143,13.571,6.333
2-4-150-2f685066.csv,18741913,0,0,0.836,0.832,30,1.567,1.667,9.833,1.064,6.277,5.9
2-4-150-2f685066.csv,26075603,0,0,0.833,0.838,30,1.533,1.733,10.0,1.13,6.522,5.769
2-4-150-2f685066.csv,18540373,0,0,0.807,0.815,30,2.167,2.433,13.9,1.123,6.415,5.712
2-4-150-2f685066.csv,25419319,0,0,0.818,0.842,9,2.889,3.111,17.333,1.077,6.0,5.571
2-4-150-2f685066.csv,13773222,0,0,0.857,0.85,3,2.667,3.333,19.667,1.25,7.375,5.9
2-4-150-2f685066.csv,21074119,0,0,0.775,0.818,18,2.333,3.889,24.833,1.667,10.643,6.386
2-4-150-2f685066.csv,9001027,0,0,0.746,0.808,18,3.611,4.111,25.0,1.138,6.923,6.081
2-4-150-2f685066.csv,6344072,0,0,0.909,0.828,18,1.111,1.722,10.278,1.55,9.25,5.968
2-4-150-2f685066.csv,18535574,0,0,0.807,0.848,30,3.033,3.9,24.3,1.286,8.011,6.231
2-4-150-2f685066.csv,30472884,0,0,0.77,0.811,30,1.967,2.533,15.3,1.288,7.78,6.039
2-4-150-2f685066.csv,30075094,0,0,0.805,0.81,12,1.0,1.083,7.167,1.083,7.167,6.615
2-4-150-2f685066.csv,30226434,0,0,0.908,0.853,30,1.433,1.667,10.267,1.163,7.163,6.16
2-4-150-2f685066.csv,21614812,0,0,0.885,0.844,30,1.033,1.1,6.567,1.065,6.355,5.97
2-4-150-2f685066.csv,10319610,0,0,0.791,0.813,30,2.067,2.467,14.3,1.194,6.919,5.797
2-4-150-2f685066.csv,23352788,0,0,0.791,0.796,30,1.0,2.667,13.9,2.667,13.9,5.213
2-4-150-2f685066.csv,4389600,0,0,0.696,0.794,3,2.667,3.333,20.667,1.25,7.75,6.2
2-4-150-2f685066.csv,29812109,0,0,0.818,0.826,30,2.5,3.2,18.8,1.28,7.52,5.875
2-4-150-2f685066.csv,28675156,0,0,0.789,0.81,18,2.056,2.222,11.389,1.081,5.541,5.125
2-4-150-2f685066.csv,30495280,0,0,0.91,0.854,30,2.7,3.533,19.5,1.309,7.222,5.519
2-4-150-2f685066.csv,16844474,0,0,0.744,0.817,3,2.0,6.667,40.333,3.333,20.167,6.05
2-4-150-2f685066.csv,31122233,0,0,0.89,0.854,24,2.417,3.042,18.625,1.259,7.707,6.123
2-4-150-2f685066.csv,30983236,0,0,0.666,0.77,9,3.222,6.444,40.111,2.0,12.448,6.224
2-4-150-2f685066.csv,18181596,0,0,0.74,0.78,30,1.1,2.233,12.9,2.03,11.727,5.776
2-4-150-2f685066.csv,17632529,0,0,0.565,0.693,6,1.167,1.667,10.833,1.429,9.286,6.5
2-4-150-2f685066.csv,27102601,0,0,0.912,0.869,21,1.857,1.952,10.0,1.051,5.385,5.122
2-4-150-2f685066.csv,24542176,0,0,0.703,0.817,3,1.333,2.0,10.667,1.5,8.0,5.333
2-4-150-2f685066.csv,31623220,0,0,0.866,0.804,6,2.833,3.833,20.0,1.353,7.059,5.217
2-4-150-2f685066.csv,29025907,0,0,0.852,0.853,30,1.767,2.467,17.633,1.396,9.981,7.149
2-4-150-2f685066.csv,31248728,0,0,0.877,0.859,3,1.0,6.0,32.667,6.0,32.667,5.444
2-4-150-2f685066.csv,27754226,0,0,0.766,0.801,30,1.2,2.033,12.7,1.694,10.583,6.246
2-4-150-2f685066.csv,28103910,0,0,0.68,0.737,6,1.0,1.333,7.0,1.333,7.0,5.25
2-4-150-2f685066.csv,31508257,0,0,1.0,0.9,3,2.667,4.333,28.667,1.625,10.75,6.615
2-4-150-2f685066.csv,28810858,0,0,0.788,0.806,9,1.444,2.556,12.556,1.769,8.692,4.913
2-4-150-2f685066.csv,31184650,0,0,0.843,0.839,30,2.2,2.7,16.433,1.227,7.47,6.086
2-4-150-2f685066.csv,15533707,0,0,0.847,0.845,12,2.917,3.583,22.75,1.229,7.8,6.349
2-4-150-2f685066.csv,19229862,0,0,0.816,0.818,30,1.533,2.233,13.3,1.457,8.674,5.955
2-4-150-2f685066.csv,17973743,0,0,1.0,0.9,18,1.0,1.0,9.0,1.0,9.0,9.0
2-4-150-2f685066.csv,31302995,0,0,0.841,0.794,9,2.222,3.222,19.444,1.45,8.75,6.034
2-4-150-2f685066.csv,19020597,0,0,0.732,0.7,6,1.167,1.167,8.833,1.0,7.571,7.571
2-4-150-2f685066.csv,26945888,0,0,0.842,0.812,27,1.556,1.963,13.185,1.262,8.476,6.717
2-4-150-2f685066.csv,14246695,0,0,0.586,0.662,6,1.5,2.0,12.0,1.333,8.0,6.0
2-4-150-2f685066.csv,30144450,0,0,0.691,0.763,6,1.167,1.667,9.333,1.429,8.0,5.6
2-4-150-2f685066.csv,30726975,0,0,0.802,0.827,30,2.467,2.767,16.333,1.122,6.622,5.904
2-4-150-2f685066.csv,22518719,0,0,0.668,0.75,6,1.5,2.167,12.833,1.444,8.556,5.923
2-4-150-2f685066.csv,30399710,0,0,0.786,0.796,30,2.267,3.433,20.4,1.515,9.0,5.942
2-4-150-2f685066.csv,28476722,0,0,0.733,0.807,30,2.033,2.433,13.9,1.197,6.836,5.712
2-4-150-2f685066.csv,23743236,0,0,0.892,0.847,30,1.0,1.267,7.267,1.267,7.267,5.737
2-4-150-2f685066.csv,18137958,0,0,0.862,0.839,24,1.042,3.625,20.167,3.48,19.36,5.563
2-4-150-2f685066.csv,31112111,0,0,0.761,0.776,12,1.75,3.417,20.75,1.952,11.857,6.073
2-4-150-2f685066.csv,15904260,0,0,0.742,0.8,15,1.733,2.8,15.533,1.615,8.962,5.548
2-4-150-2f685066.csv,21689491,0,0,0.904,0.85,3,1.333,1.667,12.333,1.25,9.25,7.4
2-4-150-2f685066.csv,30342401,0,0,0.898,0.854,30,1.067,1.5,9.867,1.406,9.25,6.578
2-4-150-2f685066.csv,11521789,0,0,0.969,0.886,6,1.0,3.833,22.167,3.833,22.167,5.783
2-4-150-2f685066.csv,30769787,0,0,0.87,0.848,24,1.083,1.708,9.542,1.577,8.808,5.585
2-4-150-2f685066.csv,29686407,0,0,0.796,0.787,21,3.286,3.619,21.524,1.101,6.551,5.947
2-4-150-2f685066.csv,16334880,0,0,0.819,0.836,30,1.233,1.633,10.167,1.324,8.243,6.224
2-4-150-2f685066.csv,20845955,0,0,0.472,0.744,3,3.0,4.0,20.667,1.333,6.889,5.167
2-4-150-2f685066.csv,17950689,0,0,0.837,0.832,30,1.8,2.233,12.7,1.241,7.056,5.687
2-4-150-2f685066.csv,21507445,0,0,0.841,0.829,30,1.4,2.0,14.467,1.429,10.333,7.233
2-4-150-2f685066.csv,6331127,0,0,0.705,0.78,6,1.833,3.167,16.833,1.727,9.182,5.316
2-4-150-2f685066.csv,24403612,0,0,0.871,0.844,30,1.633,2.567,15.067,1.571,9.224,5.87
2-4-150-2f685066.csv,31502130,0,0,0.875,0.867,6,3.0,3.5,20.833,1.167,6.944,5.952
2-4-150-2f685066.csv,29074051,0,0,0.889,0.844,30,1.8,2.367,14.633,1.315,8.13,6.183
2-4-150-2f685066.csv,22279249,0,0,0.837,0.82,21,1.333,1.905,12.333,1.429,9.25,6.475
2-4-150-2f685066.csv,30489373,0,0,0.733,0.769,30,2.533,3.033,18.4,1.197,7.263,6.066
2-4-150-2f685066.csv,29688905,0,0,0.796,0.805,12,2.417,3.5,20.5,1.448,8.483,5.857
2-4-150-2f685066.csv,30901378,0,0,0.887,0.85,6,2.667,3.667,23.0,1.375,8.625,6.273
2-4-150-2f685066.csv,19495345,0,0,0.711,0.81,3,1.0,1.667,9.0,1.667,9.0,5.4
2-4-150-2f685066.csv,22419688,0,0,0.845,0.818,15,1.533,1.6,9.4,1.043,6.13,5.875
2-4-150-2f685066.csv,28755767,0,0,0.93,0.877,30,1.0,1.8,10.367,1.8,10.367,5.759
2-4-150-2f685066.csv,18805669,0,0,0.741,0.789,30,2.1,2.467,13.8,1.175,6.571,5.595
2-4-150-2f685066.csv,15823508,0,0,0.837,0.826,30,2.8,3.3,19.433,1.179,6.94,5.889
2-4-150-2f685066.csv,25934839,0,0,0.633,0.758,18,1.5,1.889,11.944,1.259,7.963,6.324
2-4-150-2f685066.csv,15180586,0,0,0.76,0.803,30,1.833,2.267,12.133,1.236,6.618,5.353
2-4-150-2f685066.csv,7051387,0,0,0.908,0.835,6,5.167,5.5,30.0,1.065,5.806,5.455
2-4-150-2f685066.csv,14561763,0,0,0.684,0.775,6,1.667,1.833,8.833,1.1,5.3,4.818
2-4-150-2f685066.csv,26531841,0,0,0.865,0.835,15,2.6,2.933,18.667,1.128,7.179,6.364
2-4-150-2f685066.csv,11460728,0,0,0.925,0.886,3,2.0,2.0,15.333,1.0,7.667,7.667
2-4-150-2f685066.csv,11035031,0,0,0.938,0.877,21,1.333,1.952,11.81,1.464,8.857,6.049
2-4-150-2f685066.csv,27939470,0,0,0.83,0.852,30,1.0,1.4,7.733,1.4,7.733,5.524
2-4-150-2f685066.csv,30695793,0,0,0.951,0.876,6,1.0,2.5,13.333,2.5,13.333,5.333
3-1-300-f702793.csv,29318090,0,0,0.871,0.852,6,1.0,1.333,6.333,1.333,6.333,4.75
3-1-300-f702793.csv,11658682,0,0,0.792,0.817,30,1.933,2.367,12.4,1.224,6.414,5.239
3-1-300-f702793.csv,18535574,0,0,0.788,0.818,30,2.233,3.567,21.367,1.597,9.567,5.991
3-1-300-f702793.csv,21813440,0,0,0.853,0.842,30,1.433,1.567,8.3,1.093,5.791,5.298
3-1-300-f702793.csv,30215879,0,0,0.642,0.8,3,5.0,6.667,40.667,1.333,8.133,6.1
3-1-300-f702793.csv,21614812,0,0,0.938,0.871,33,1.03,1.03,6.727,1.0,6.529,6.529
3-1-300-f702793.csv,6355877,0,0,0.81,0.805,30,1.0,1.367,7.767,1.367,7.767,5.683
3-1-300-f702793.csv,23352788,0,0,0.709,0.755,30,1.033,1.633,10.067,1.581,9.742,6.163
3-1-300-f702793.csv,23977248,0,0,0.785,0.816,18,1.667,2.056,9.889,1.233,5.933,4.811
3-1-300-f702793.csv,31241093,0,0,0.656,0.75,3,1.0,1.0,5.333,1.0,5.333,5.333
3-1-300-f702793.csv,31372936,0,0,1.0,0.9,3,1.333,2.333,15.333,1.75,11.5,6.571
3-1-300-f702793.csv,6488338,0,0,0.886,0.865,30,2.2,3.767,23.667,1.712,10.758,6.283
3-1-300-f702793.csv,29025907,0,0,0.737,0.79,48,1.75,2.625,18.417,1.5,10.524,7.016
3-1-300-f702793.csv,19425875,0,0,0.837,0.802,30,1.167,1.467,8.567,1.257,7.343,5.841
3-1-300-f702793.csv,31755236,0,0,0.935,0.871,33,1.303,2.545,16.667,1.953,12.791,6.548
3-1-300-f702793.csv,17609080,0,0,0.96,0.883,6,1.0,1.0,8.5,1.0,8.5,8.5
3-1-300-f702793.csv,30549979,0,0,0.822,0.862,15,3.0,3.333,17.067,1.111,5.689,5.12
3-1-300-f702793.csv,18668290,0,0,0.78,0.787,30,1.0,1.733,10.7,1.733,10.7,6.173
3-1-300-f702793.csv,28868712,0,0,0.873,0.855,18,1.722,1.889,10.667,1.097,6.194,5.647
3-1-300-f702793.csv,31379566,0,0,0.716,0.81,30,3.0,4.2,25.5,1.4,8.5,6.071
3-1-300-f702793.csv,17379068,0,0,0.771,0.787,30,1.0,1.767,10.033,1.767,10.033,5.679
3-1-300-f702793.csv,24696098,0,0,0.839,0.811,21,1.0,1.476,7.81,1.476,7.81,5.29
3-1-300-f702793.csv,6338946,0,0,0.755,0.803,30,2.933,3.7,21.7,1.261,7.398,5.865
3-1-300-f702793.csv,31916489,0,0,0.937,0.882,6,1.167,3.5,20.833,3.0,17.857,5.952
3-1-300-f702793.csv,30118713,0,0,0.72,0.787,12,2.5,4.167,25.583,1.667,10.233,6.14
3-1-300-f702793.csv,29139615,0,0,0.844,0.804,30,1.0,1.967,12.367,1.967,12.367,6.288
3-1-300-f702793.csv,19495345,0,0,0.842,0.819,30,1.367,2.333,14.333,1.707,10.488,6.143
3-1-300-f702793.csv,31789861,0,0,0.913,0.861,36,1.0,2.306,14.222,2.306,14.222,6.169
3-1-300-f702793.csv,21662236,0,0,0.874,0.841,30,1.0,3.667,22.433,3.667,22.433,6.118
3-1-300-f702793.csv,30506788,0,0,0.816,0.833,30,2.667,3.933,23.433,1.475,8.787,5.958
3-1-300-f702793.csv,6352682,0,0,0.731,0.78,30,1.267,1.6,9.4,1.263,7.421,5.875
3-1-300-f702793.csv,11598752,0,0,0.753,0.832,3,1.333,2.0,13.667,1.5,10.25,6.833
3-1-300-f702793.csv,31304413,0,0,0.752,0.786,12,1.417,1.833,9.917,1.294,7.0,5.409
3-1-300-f702793.csv,1890003,0,0,0.872,0.844,30,1.433,1.767,12.133,1.233,8.465,6.868
3-1-300-f702793.csv,30546513,0,0,0.723,0.774,12,1.0,1.417,6.667,1.417,6.667,4.706
3-1-300-f702793.csv,30733509,0,0,0.877,0.84,30,3.0,6.933,41.967,2.311,13.989,6.053
3-1-300-f702793.csv,21507445,0,0,0.741,0.824,30,3.0,3.367,18.333,1.122,6.111,5.446
3-1-300-f702793.csv,31667185,0,0,0.858,0.843,48,1.208,2.417,13.833,2.0,11.448,5.724
3-1-300-f702793.csv,7461070,0,0,0.875,0.852,30,1.2,1.733,9.667,1.444,8.056,5.577
3-1-300-f702793.csv,18969257,0,0,0.758,0.812,30,1.633,2.133,12.433,1.306,7.612,5.828
3-1-300-f702793.csv,31578803,0,0,0.949,0.883,3,2.0,2.0,9.667,1.0,4.833,4.833
3-1-300-f702793.csv,22650372,0,0,0.536,0.672,3,1.0,1.667,10.333,1.667,10.333,6.2
3-1-300-f702793.csv,13581319,0,0,0.787,0.815,30,1.0,1.2,6.767,1.2,6.767,5.639
3-1-300-f702793.csv,30681350,0,0,0.664,0.776,3,1.333,1.333,6.333,1.0,4.75,4.75
3-1-300-f702793.csv,17985860,0,0,0.792,0.818,6,1.667,3.667,22.167,2.2,13.3,6.045
3-1-300-f702793.csv,24449254,0,0,0.713,0.783,3,2.333,2.333,13.667,1.0,5.857,5.857
3-1-300-f702793.csv,31813170,0,0,0.79,0.829,30,1.933,2.033,13.067,1.052,6.759,6.426
3-1-300-f702793.csv,4589536,0,0,0.778,0.808,6,1.667,1.667,9.5,1.0,5.7,5.7
3-1-300-f702793.csv,19053597,0,0,0.775,0.827,30,1.3,2.133,12.967,1.641,9.974,6.078
3-1-300-f702793.csv,29681090,0,0,0.913,0.87,18,1.278,1.611,9.333,1.261,7.304,5.793
3-1-300-f702793.csv,30130805,0,0,0.754,0.816,6,1.0,2.167,12.5,2.167,12.5,5.769
3-1-300-f702793.csv,32002963,0,0,0.798,0.803,30,1.2,2.567,13.467,2.139,11.222,5.247
3-1-300-f702793.csv,31580375,0,0,0.864,0.841,30,1.0,1.133,6.433,1.133,6.433,5.676
3-1-300-f702793.csv,31508822,0,0,0.871,0.853,30,2.6,3.533,22.233,1.359,8.551,6.292
3-1-300-f702793.csv,30495280,0,0,0.813,0.837,9,3.0,4.444,26.556,1.481,8.852,5.975
3-1-300-f702793.csv,28209666,0,0,0.96,0.889,3,1.333,1.667,7.333,1.25,5.5,4.4
3-1-300-f702793.csv,17144562,0,0,0.733,0.805,15,1.133,1.6,10.0,1.412,8.824,6.25
3-1-300-f702793.csv,30901378,0,0,0.902,0.867,3,1.333,1.667,8.0,1.25,6.0,4.8
3-1-300-f702793.csv,31179863,0,0,0.925,0.878,30,1.0,1.6,9.067,1.6,9.067,5.667
3-1-300-f702793.csv,28103441,0,0,0.714,0.772,30,2.1,2.6,15.833,1.238,7.54,6.09
3-1-300-f702793.csv,22466782,0,0,0.707,0.746,9,1.0,1.444,8.556,1.444,8.556,5.923
3-1-300-f702793.csv,7012325,0,0,0.785,0.802,30,1.2,2.933,17.0,2.444,14.167,5.795
3-1-300-f702793.csv,14583334,0,0,0.752,0.775,30,1.967,2.433,15.033,1.237,7.644,6.178
3-1-300-f702793.csv,18144011,0,0,0.838,0.819,30,2.367,3.4,19.033,1.437,8.042,5.598
3-1-300-f702793.csv,20623511,0,0,1.0,0.9,3,1.667,1.667,10.0,1.0,6.0,6.0
3-1-300-f702793.csv,30169276,0,0,0.819,0.833,3,2.0,2.0,13.0,1.0,6.5,6.5
3-1-300-f702793.csv,23930372,0,0,0.696,0.752,48,2.083,2.604,15.688,1.25,7.53,6.024
3-1-300-f702793.csv,28408567,0,0,0.894,0.86,6,2.833,2.833,15.5,1.0,5.471,5.471
3-1-300-f702793.csv,11460728,0,0,0.75,0.802,30,2.233,2.767,17.867,1.239,8.0,6.458
3-1-300-f702793.csv,27939470,0,0,0.811,0.815,30,1.0,1.4,8.6,1.4,8.6,6.143
3-1-300-f702793.csv,31214995,0,0,0.836,0.842,30,2.7,3.967,26.433,1.469,9.79,6.664
3-1-300-f702793.csv,32071687,0,0,0.91,0.86,3,2.0,2.333,14.333,1.167,7.167,6.143
3-1-300-f702793.csv,20307202,0,0,0.756,0.822,6,1.667,1.667,10.667,1.0,6.4,6.4
3-1-300-f702793.csv,4316379,0,0,0.868,0.85,30,1.1,2.033,11.767,1.848,10.697,5.787
3-1-300-f702793.csv,31695021,0,0,0.916,0.865,39,1.026,3.795,23.949,3.7,23.35,6.311
3-1-300-f702793.csv,12115558,0,0,0.802,0.811,30,1.467,3.0,17.333,2.045,11.818,5.778
3-1-300-f702793.csv,29849805,0,0,0.861,0.852,15,1.467,1.667,11.6,1.136,7.909,6.96
3-1-300-f702793.csv,24796792,0,0,0.812,0.801,48,1.0,1.438,7.938,1.438,7.938,5.522
3-1-300-f702793.csv,6450461,0,0,0.928,0.867,6,1.5,3.167,18.333,2.111,12.222,5.789
3-1-300-f702793.csv,19580742,0,0,1.0,0.9,6,1.167,1.333,8.667,1.143,7.429,6.5
3-1-300-f702793.csv,13300986,0,0,0.808,0.816,24,1.333,1.708,10.625,1.281,7.969,6.22
3-1-300-f702793.csv,10959404,0,0,0.811,0.806,30,1.633,2.167,13.367,1.327,8.184,6.169
3-1-300-f702793.csv,31285455,0,0,0.871,0.842,48,1.042,1.875,12.125,1.8,11.64,6.467
3-1-300-f702793.csv,10213750,0,0,0.79,0.785,30,1.767,2.433,14.367,1.377,8.132,5.904
3-1-300-f702793.csv,28767253,0,0,0.713,0.794,12,1.083,1.583,9.583,1.462,8.846,6.053
3-1-300-f702793.csv,31073793,0,0,0.776,0.776,27,1.074,1.407,7.444,1.31,6.931,5.289
3-1-300-f702793.csv,10390268,0,0,0.789,0.814,30,1.233,1.467,7.7,1.189,6.243,5.25
3-1-300-f702793.csv,28464629,0,0,0.661,0.72,12,1.833,2.917,17.917,1.591,9.773,6.143
3-1-300-f702793.csv,8112600,0,0,0.806,0.809,30,1.0,1.5,8.867,1.5,8.867,5.911
3-1-300-f702793.csv,21743413,0,0,1.0,0.9,3,1.0,1.333,8.0,1.333,8.0,6.0
3-1-300-f702793.csv,12317706,0,0,0.85,0.841,30,1.767,2.267,14.233,1.283,8.057,6.279
3-1-300-f702793.csv,18137958,0,0,0.863,0.857,18,1.278,2.889,17.111,2.261,13.391,5.923
3-1-300-f702793.csv,28406437,0,0,0.867,0.843,30,1.133,2.433,14.633,2.147,12.912,6.014
3-1-300-f702793.csv,31978471,0,0,0.798,0.83,3,2.0,3.333,18.667,1.667,9.333,5.6
3-1-300-f702793.csv,25257275,0,0,0.76,0.805,21,1.0,1.619,9.81,1.619,9.81,6.059
3-1-300-f702793.csv,31382333,0,0,0.85,0.819,30,1.933,2.5,14.7,1.293,7.603,5.88
3-1-300-f702793.csv,30689579,0,0,0.71,0.798,30,1.0,1.6,10.033,1.6,10.033,6.271
3-1-300-f702793.csv,30251070,0,0,0.695,0.765,9,1.667,2.222,11.778,1.333,7.067,5.3
3-1-300-f702793.csv,28012033,0,0,0.914,0.866,21,1.333,2.238,13.476,1.679,10.107,6.021
3-1-300-f702793.csv,6744840,0,0,0.79,0.813,30,1.267,1.567,8.2,1.237,6.474,5.234
3-1-300-f702793.csv,31883685,0,0,0.743,0.812,30,1.0,1.633,10.467,1.633,10.467,6.408
3-1-300-f702793.csv,27433978,0,0,0.706,0.763,30,2.667,4.067,25.233,1.525,9.463,6.205
3-1-300-f702793.csv,5921708,0,0,0.827,0.807,24,1.042,1.875,11.5,1.8,11.04,6.133
3-1-300-f702793.csv,13889585,0,0,0.869,0.853,30,1.1,2.233,14.167,2.03,12.879,6.343
3-1-300-f702793.csv,6344072,0,0,1.0,0.9,3,1.0,2.333,14.333,2.333,14.333,6.143
3-1-300-f702793.csv,12878402,0,0,0.787,0.803,30,1.667,2.333,13.833,1.4,8.3,5.929
3-1-300-f702793.csv,21551272,0,0,0.909,0.872,3,2.0,2.0,13.0,1.0,6.5,6.5
3-1-300-f702793.csv,27578882,0,0,0.817,0.829,30,1.033,2.333,13.567,2.258,13.129,5.814
3-1-300-f702793.csv,24407926,0,0,0.898,0.853,48,1.167,1.875,11.563,1.607,9.911,6.167
3-1-300-f702793.csv,28755767,0,0,0.696,0.774,6,1.0,1.5,10.333,1.5,10.333,6.889
3-1-300-f702793.csv,30000442,0,0,0.619,0.736,3,1.0,5.0,28.667,5.0,28.667,5.733
3-1-300-f702793.csv,32077912,0,0,0.939,0.877,48,1.0,1.229,7.188,1.229,7.188,5.847
3-1-300-f702793.csv,28564242,0,0,0.876,0.863,3,2.0,3.333,20.667,1.667,10.333,6.2
3-1-300-f702793.csv,6309240,0,0,0.707,0.779,30,2.933,3.667,22.633,1.25,7.716,6.173
3-1-300-f702793.csv,31140504,0,0,0.791,0.822,30,1.133,1.5,9.433,1.324,8.324,6.289
3-1-300-f702793.csv,31529549,0,0,0.682,0.68,30,4.967,6.4,40.433,1.289,8.141,6.318
3-1-300-f702793.csv,32064161,0,0,0.859,0.844,30,2.133,2.467,14.867,1.156,6.969,6.027
3-1-300-f702793.csv,14528761,0,0,0.902,0.865,30,1.033,1.6,10.667,1.548,10.323,6.667
3-1-300-f702793.csv,25501762,0,0,0.935,0.871,9,2.778,3.111,21.778,1.12,7.84,7.0
3-1-300-f702793.csv,18741913,0,0,0.738,0.759,30,1.3,1.6,9.933,1.231,7.641,6.208
3-1-300-f702793.csv,6363498,0,0,0.775,0.77,6,2.833,3.833,19.333,1.353,6.824,5.043
3-1-300-f702793.csv,29686407,0,0,0.827,0.839,6,2.833,2.833,18.5,1.0,6.529,6.529
3-1-300-f702793.csv,16334880,0,0,0.708,0.805,48,1.0,1.375,7.5,1.375,7.5,5.455
3-1-300-f702793.csv,12874324,0,0,1.0,0.9,6,1.333,1.5,11.167,1.125,8.375,7.444
3-1-300-f702793.csv,25748885,0,0,0.908,0.889,3,1.667,1.667,11.333,1.0,6.8,6.8
3-1-300-f702793.csv,7030667,0,0,0.882,0.834,9,3.444,4.111,29.0,1.194,8.419,7.054
3-1-300-f702793.csv,31767535,0,0,0.779,0.775,15,2.733,3.333,21.933,1.22,8.024,6.58
3-1-300-f702793.csv,6010674,0,0,0.784,0.785,18,1.222,1.5,8.389,1.227,6.864,5.593
3-1-300-f702793.csv,6352345,0,0,0.869,0.845,30,1.7,2.0,11.467,1.176,6.745,5.733
3-1-300-f702793.csv,31091755,0,0,0.874,0.826,30,1.233,1.5,8.467,1.216,6.865,5.644
3-1-300-f702793.csv,18805669,0,0,0.823,0.829,30,1.533,1.767,10.367,1.152,6.761,5.868
3-1-300-f702793.csv,31184650,0,0,0.901,0.862,30,1.8,2.533,16.0,1.407,8.889,6.316
3-1-300-f702793.csv,28675156,0,0,0.801,0.821,30,2.4,2.5,12.233,1.042,5.097,4.893
3-1-300-f702793.csv,29721603,0,0,0.88,0.848,48,1.0,1.813,10.146,1.813,10.146,5.598
3-1-300-f702793.csv,31142362,0,0,0.866,0.835,30,1.033,2.233,12.4,2.161,12.0,5.552
4-1-30-f725352.csv,31241093,0,0,0.729,0.759,30,1.067,1.133,5.833,1.063,5.469,5.147
4-1-30-f725352.csv,28351359,0,0,0.743,0.784,30,1.667,1.833,10.633,1.1,6.38,5.8
4-1-30-f725352.csv,22947672,0,0,0.839,0.834,15,1.067,4.8,30.2,4.5,28.313,6.292
4-1-30-f725352.csv,1919444,0,0,0.852,0.818,30,1.167,1.5,8.1,1.286,6.943,5.4
4-1-30-f725352.csv,31767535,0,0,0.652,0.747,30,1.767,2.333,16.367,1.321,9.264,7.014
4-1-30-f725352.csv,7051387,0,0,0.918,0.856,18,2.722,2.833,14.944,1.041,5.49,5.275
4-1-30-f725352.csv,14583334,0,0,0.764,0.796,30,2.333,2.8,17.667,1.2,7.571,6.31
4-1-30-f725352.csv,31757234,0,0,0.858,0.835,12,1.0,1.083,6.75,1.083,6.75,6.231
4-1-30-f725352.csv,11096828,0,0,0.766,0.779,30,2.967,3.267,19.767,1.101,6.663,6.051
4-1-30-f725352.csv,18666417,0,0,0.813,0.811,21,2.952,3.0,19.048,1.016,6.452,6.349
4-1-30-f725352.csv,29686407,0,0,0.695,0.777,6,2.333,2.5,17.5,1.071,7.5,7.0
4-1-30-f725352.csv,17950689,0,0,0.927,0.876,18,1.556,1.833,10.278,1.179,6.607,5.606
4-1-30-f725352.csv,27939470,0,0,0.838,0.844,30,1.0,1.133,5.867,1.133,5.867,5.176
4-2-30-f725451.csv,31302995,0,0,0.801,0.837,6,2.333,2.333,11.667,1.0,5.0,5.0
4-2-30-f725451.csv,13581319,0,0,0.713,0.75,10,1.0,1.1,5.8,1.1,5.8,5.273
4-2-30-f725451.csv,22947672,0,0,0.933,0.863,30,1.0,8.967,49.6,8.967,49.6,5.532
4-2-30-f725451.csv,17334120,0,0,0.793,0.821,30,1.6,1.8,8.9,1.125,5.563,4.944
4-2-30-f725451.csv,22518719,0,0,0.673,0.75,2,1.0,2.0,10.5,2.0,10.5,5.25
4-2-30-f725451.csv,15978029,0,0,0.838,0.833,12,1.583,2.25,13.833,1.421,8.737,6.148
4-2-30-f725451.csv,3003015,0,0,0.693,0.765,6,2.5,4.167,24.833,1.667,9.933,5.96
4-2-30-f725451.csv,30276268,0,1,1.0,0.9,12,1.417,1.417,7.917,1.0,5.588,5.588
4-2-30-f725451.csv,6338946,0,0,0.717,0.773,4,2.0,2.25,13.0,1.125,6.5,5.778
4-2-30-f725451.csv,29661750,0,0,0.762,0.784,18,1.0,1.611,9.389,1.611,9.389,5.828
4-2-30-f725451.csv,19638651,0,0,1.0,0.9,4,1.5,1.5,9.25,1.0,6.167,6.167
4-2-30-f725451.csv,20312760,0,0,0.787,0.808,18,3.222,3.333,15.389,1.034,4.776,4.617
4-2-30-f725451.csv,24564999,0,0,0.751,0.806,30,2.033,2.6,14.867,1.279,7.311,5.718
4-2-30-f725451.csv,24945126,0,0,0.667,0.771,4,1.0,1.0,5.25,1.0,5.25,5.25
4-2-30-f725451.csv,16029263,0,0,0.774,0.783,12,2.167,3.417,18.083,1.577,8.346,5.293
4-2-30-f725451.csv,6587538,0,0,0.814,0.822,30,2.0,3.0,16.967,1.5,8.483,5.656
4-2-30-f725451.csv,29043323,0,0,0.824,0.826,20,1.55,2.3,13.05,1.484,8.419,5.674
4-2-30-f725451.csv,21480550,0,0,0.814,0.806,14,2.214,3.071,16.214,1.387,7.323,5.279
4-2-30-f725451.csv,6417041,0,0,0.988,0.896,30,1.0,1.0,4.1,1.0,4.1,4.1
4-2-30-f725451.csv,21952546,0,0,0.642,0.776,8,1.0,2.25,15.375,2.25,15.375,6.833
4-3-60-f725902.csv,26159434,0,0,0.801,0.817,6,1.0,1.0,5.833,1.0,5.833,5.833
4-3-60-f725902.csv,32302664,0,0,0.761,0.816,30,1.067,1.233,6.5,1.156,6.094,5.27
4-3-60-f725902.csv,32427474,0,1,1.0,0.9,30,1.0,1.0,4.1,1.0,4.1,4.1
4-3-60-f725902.csv,20312760,0,0,0.782,0.847,18,3.333,3.611,17.889,1.083,5.367,4.954
4-3-60-f725902.csv,31913360,0,1,1.0,0.9,30,1.0,1.0,6.233,1.0,6.233,6.233
4-3-60-f725902.csv,3056891,0,0,0.896,0.841,21,1.048,1.095,6.905,1.045,6.591,6.304
4-3-60-f725902.csv,21614812,0,0,0.886,0.83,30,1.0,1.1,6.067,1.1,6.067,5.515
4-3-60-f725902.csv,22489346,0,0,0.779,0.817,15,1.0,2.0,12.0,2.0,12.0,6.0
4-3-60-f725902.csv,30326627,0,0,0.931,0.882,15,1.733,1.867,9.667,1.077,5.577,5.179
4-3-60-f725902.csv,13581319,0,0,0.732,0.764,30,1.0,1.0,5.2,1.0,5.2,5.2
4-3-60-f725902.csv,30901412,0,0,0.845,0.838,30,1.0,1.1,5.8,1.1,5.8,5.273
4-3-60-f725902.csv,11014534,0,0,0.638,0.733,3,1.0,1.667,9.0,1.667,9.0,5.4
4-3-60-f725902.csv,18531561,0,0,0.763,0.799,30,1.733,1.767,8.567,1.019,4.942,4.849
4-3-60-f725902.csv,11008671,0,0,0.802,0.845,9,1.0,1.222,6.778,1.222,6.778,5.545
4-3-60-f725902.csv,30195696,0,0,0.878,0.861,9,1.0,1.667,10.333,1.667,10.333,6.2
4-3-60-f725902.csv,18666417,0,0,0.904,0.852,3,3.0,3.0,15.0,1.0,5.0,5.0
4-3-60-f725902.csv,24564999,0,0,0.753,0.79,30,1.533,1.733,9.033,1.13,5.891,5.212
4-3-60-f725902.csv,14571439,0,0,0.748,0.801,21,1.571,2.0,10.905,1.273,6.939,5.452
4-3-60-f725902.csv,15533707,0,0,0.782,0.796,3,2.333,3.667,19.0,1.571,8.143,5.182
4-3-60-f725902.csv,21139796,0,0,0.888,0.87,30,2.633,2.667,15.9,1.013,6.038,5.963
4-3-60-f725902.csv,22518719,0,0,1.0,0.9,6,1.0,1.0,4.0,1.0,4.0,4.0
4-3-60-f725902.csv,31861180,0,0,0.854,0.84,30,2.333,2.333,12.3,1.0,5.271,5.271
4-3-60-f725902.csv,31241093,0,0,0.767,0.797,30,1.033,1.133,6.067,1.097,5.871,5.353
4-3-60-f725902.csv,32254355,0,0,0.717,0.747,18,2.222,2.278,13.056,1.025,5.875,5.732
4-3-60-f725902.csv,17950689,0,0,0.881,0.855,30,1.267,1.3,6.933,1.026,5.474,5.333
4-3-60-f725902.csv,29043323,0,0,0.538,0.708,3,1.333,1.333,7.333,1.0,5.5,5.5
4-3-60-f725902.csv,6309169,0,0,0.953,0.884,24,1.5,1.542,7.75,1.028,5.167,5.027
4-3-60-f725902.csv,14583334,0,0,0.762,0.823,3,1.667,2.0,14.667,1.2,8.8,7.333
4-3-60-f725902.csv,20411346,0,0,0.743,0.779,6,1.0,1.0,6.333,1.0,6.333,6.333
4-3-60-f725902.csv,10798016,0,0,0.908,0.883,24,1.0,1.0,4.917,1.0,4.917,4.917
4-3-60-f725902.csv,27939470,0,0,0.889,0.862,30,1.0,1.1,5.867,1.1,5.867,5.333
4-3-60-f725902.csv,11178231,0,0,0.565,0.712,3,1.333,1.667,9.0,1.25,6.75,5.4
4-4-90-f726874.csv,6576528,1,0,1.0,0.9,30,1.0,1.267,6.567,1.267,6.567,5.184
4-4-90-f726874.csv,32302664,0,0,0.768,0.783,30,1.0,1.2,6.867,1.2,6.867,5.722
4-4-90-f726874.csv,4316379,0,0,0.722,0.77,30,1.0,1.667,9.567,1.667,9.567,5.74
4-4-90-f726874.csv,11658682,0,0,0.747,0.82,9,5.889,6.0,31.556,1.019,5.358,5.259
4-4-90-f726874.csv,29849805,0,0,0.774,0.812,30,2.233,2.567,15.367,1.149,6.881,5.987
4-4-90-f726874.csv,20379980,0,0,0.846,0.847,30,2.3,2.367,13.233,1.029,5.754,5.592
4-4-90-f726874.csv,19378092,0,0,0.752,0.752,3,1.0,1.667,11.667,1.667,11.667,7.0
4-4-90-f726874.csv,10959404,0,0,0.73,0.753,27,1.148,1.704,10.296,1.484,8.968,6.043
4-4-90-f726874.csv,13581319,0,0,0.826,0.83,30,1.0,1.1,5.867,1.1,5.867,5.333
4-4-90-f726874.csv,24043308,0,0,0.7,0.75,9,1.111,1.444,9.111,1.3,8.2,6.308
4-4-90-f726874.csv,22947672,0,0,0.983,0.893,30,1.0,2.833,18.5,2.833,18.5,6.529
4-4-90-f726874.csv,18531561,0,0,0.712,0.774,30,1.967,2.3,13.567,1.169,6.898,5.899
4-4-90-f726874.csv,31508822,0,0,0.928,0.87,30,1.0,1.167,7.133,1.167,7.133,6.114
4-4-90-f726874.csv,11008671,0,0,0.834,0.813,12,1.0,1.333,7.25,1.333,7.25,5.438
4-4-90-f726874.csv,31139768,0,0,0.855,0.833,6,1.0,1.5,10.0,1.5,10.0,6.667
4-4-90-f726874.csv,18666417,0,0,0.843,0.818,30,2.967,3.2,17.733,1.079,5.978,5.542
4-4-90-f726874.csv,10390268,0,0,0.704,0.752,3,1.0,1.0,8.0,1.0,8.0,8.0
4-4-90-f726874.csv,27914150,0,0,0.778,0.817,30,1.267,1.533,10.667,1.211,8.421,6.957
4-4-90-f726874.csv,14571439,0,0,0.873,0.862,15,1.067,1.133,6.133,1.063,5.75,5.412
4-4-90-f726874.csv,31743852,0,0,0.865,0.842,30,1.0,1.133,6.3,1.133,6.3,5.559
4-4-90-f726874.csv,32549163,0,0,0.833,0.829,30,1.067,1.533,8.8,1.438,8.25,5.739
4-4-90-f726874.csv,10798016,0,0,0.884,0.853,30,1.0,1.0,4.733,1.0,4.733,4.733
4-4-90-f726874.csv,12159667,0,0,0.731,0.794,12,2.0,2.083,12.833,1.042,6.417,6.16
4-4-90-f726874.csv,1919444,0,0,0.919,0.867,18,1.0,1.5,8.278,1.5,8.278,5.519
4-4-90-f726874.csv,23163165,0,0,0.75,0.8,30,1.867,2.2,12.5,1.179,6.696,5.682
4-4-90-f726874.csv,31241093,0,0,0.763,0.812,30,1.0,1.033,5.367,1.033,5.367,5.194
4-4-90-f726874.csv,17379068,0,0,0.847,0.836,6,1.0,1.667,8.333,1.667,8.333,5.0
4-4-90-f726874.csv,20312760,0,0,0.729,0.75,30,3.667,4.1,21.267,1.118,5.8,5.187
4-4-90-f726874.csv,32732290,0,0,0.876,0.85,21,1.0,1.667,11.714,1.667,11.714,7.029
4-4-90-f726874.csv,17950689,0,0,0.946,0.877,24,1.292,1.333,8.667,1.032,6.71,6.5
4-4-90-f726874.csv,32173500,0,0,0.806,0.823,30,2.1,2.2,11.433,1.048,5.444,5.197
4-4-90-f726874.csv,30940715,0,0,0.761,0.802,24,1.0,1.042,5.417,1.042,5.417,5.2
4-4-90-f726874.csv,21480550,0,0,0.804,0.822,30,1.367,1.933,10.633,1.415,7.78,5.5
4-4-90-f726874.csv,14583334,0,0,0.788,0.81,18,1.278,1.333,9.167,1.043,7.174,6.875
4-4-90-f726874.csv,13473930,0,0,0.811,0.772,3,3.0,3.0,13.667,1.0,4.556,4.556
4-4-90-f726874.csv,31184650,0,0,0.774,0.825,30,1.033,1.7,10.733,1.645,10.387,6.314
4-4-90-f726874.csv,32610458,0,0,0.796,0.787,30,2.267,2.733,15.0,1.206,6.618,5.488
4-4-90-f726874.csv,27939470,0,0,0.81,0.831,30,1.0,1.1,5.933,1.1,5.933,5.394
4-4-90-f726874.csv,29582088,0,0,0.79,0.83,30,1.0,1.2,6.367,1.2,6.367,5.306
4-5-120-f727177.csv,6576528,0,0,0.973,0.887,30,1.0,1.4,9.433,1.4,9.433,6.738
4-5-120-f727177.csv,26499212,0,0,0.965,0.887,30,3.0,3.033,18.4,1.011,6.133,6.066
4-5-120-f727177.csv,32306791,0,0,1.0,0.9,3,1.0,1.0,4.667,1.0,4.667,4.667
4-5-120-f727177.csv,32302664,0,0,0.814,0.82,30,1.0,1.067,5.267,1.067,5.267,4.938
4-5-120-f727177.csv,25818136,0,0,0.924,0.856,6,1.5,1.667,10.667,1.111,7.111,6.4
4-5-120-f727177.csv,17679439,0,0,0.802,0.807,30,1.0,1.633,8.967,1.633,8.967,5.49
4-5-120-f727177.csv,20312760,0,0,0.857,0.863,30,3.567,3.9,20.867,1.093,5.85,5.35
4-5-120-f727177.csv,29849805,0,0,0.84,0.849,30,2.133,2.467,14.833,1.156,6.953,6.014
4-5-120-f727177.csv,24796792,0,0,0.92,0.867,30,1.0,1.2,5.067,1.2,5.067,4.222
4-5-120-f727177.csv,21614812,0,0,0.964,0.886,30,1.0,1.0,4.933,1.0,4.933,4.933
4-5-120-f727177.csv,32732290,0,0,0.936,0.867,30,1.0,1.5,8.833,1.5,8.833,5.889
4-5-120-f727177.csv,32438173,0,0,1.0,0.9,30,1.0,1.133,4.533,1.133,4.533,4.0
4-5-120-f727177.csv,6587538,0,0,0.891,0.869,30,2.0,2.067,10.5,1.033,5.25,5.081
4-5-120-f727177.csv,30442301,0,0,0.848,0.827,18,3.0,3.278,17.667,1.093,5.889,5.39
4-5-120-f727177.csv,3587109,0,0,0.76,0.761,18,1.0,1.889,10.0,1.889,10.0,5.294
4-5-120-f727177.csv,22947672,0,0,1.0,0.9,15,1.0,2.667,19.8,2.667,19.8,7.425
4-5-120-f727177.csv,31588441,0,0,0.72,0.787,21,2.0,2.286,10.952,1.143,5.476,4.792
4-5-120-f727177.csv,31910622,0,1,1.0,0.9,30,1.0,1.0,5.1,1.0,5.1,5.1
4-5-120-f727177.csv,6450759,0,0,0.834,0.839,18,1.0,2.056,8.111,2.056,8.111,3.946
4-5-120-f727177.csv,18531561,0,0,0.773,0.818,30,1.7,1.9,10.033,1.118,5.902,5.281
4-5-120-f727177.csv,28592189,0,0,0.789,0.795,12,1.0,2.167,13.25,2.167,13.25,6.115
4-5-120-f727177.csv,31139768,0,0,0.799,0.813,12,1.0,1.667,10.25,1.667,10.25,6.15
4-5-120-f727177.csv,18666417,0,0,0.933,0.876,30,3.0,3.0,15.4,1.0,5.133,5.133
4-5-120-f727177.csv,31977841,0,0,1.0,0.9,9,1.0,1.0,7.111,1.0,7.111,7.111
4-5-120-f727177.csv,19636746,0,0,0.834,0.808,27,1.296,2.037,11.889,1.571,9.171,5.836
4-5-120-f727177.csv,24468727,0,0,0.74,0.78,30,1.7,2.2,11.7,1.294,6.882,5.318
4-5-120-f727177.csv,31743852,0,0,0.774,0.808,30,1.0,1.133,6.067,1.133,6.067,5.353
4-5-120-f727177.csv,10798016,0,0,0.973,0.89,30,1.0,1.067,5.567,1.067,5.567,5.219
4-5-120-f727177.csv,30495280,0,0,0.962,0.88,3,1.667,1.667,8.0,1.0,4.8,4.8
4-5-120-f727177.csv,12159667,0,0,0.808,0.816,15,2.067,2.2,12.133,1.065,5.871,5.515
4-5-120-f727177.csv,22052203,0,0,0.841,0.797,6,1.0,1.5,8.0,1.5,8.0,5.333
4-5-120-f727177.csv,31041046,0,0,0.677,0.754,15,2.0,2.467,13.0,1.233,6.5,5.27
4-5-120-f727177.csv,23163165,0,0,0.836,0.832,30,1.9,2.0,9.567,1.053,5.035,4.783
4-5-120-f727177.csv,13253916,0,0,0.538,0.64,3,1.333,2.0,10.333,1.5,7.75,5.167
4-5-120-f727177.csv,13581319,0,0,0.816,0.828,30,1.0,1.033,4.9,1.033,4.9,4.742
4-5-120-f727177.csv,32165471,0,0,0.874,0.862,30,1.067,1.5,7.933,1.406,7.438,5.289
4-5-120-f727177.csv,24043308,0,0,0.922,0.868,30,1.1,1.133,9.067,1.03,8.242,8.0
4-5-120-f727177.csv,32338429,0,0,0.814,0.825,30,2.0,2.167,12.6,1.083,6.3,5.815
4-5-120-f727177.csv,17950689,0,0,0.945,0.875,30,1.133,1.133,6.267,1.0,5.529,5.529
4-5-120-f727177.csv,32173073,0,0,0.826,0.825,24,1.208,1.417,8.375,1.172,6.931,5.912
4-5-120-f727177.csv,17311394,0,0,0.832,0.825,27,1.963,2.259,11.519,1.151,5.868,5.098
4-5-120-f727177.csv,6744840,0,0,0.921,0.876,30,1.0,1.0,4.833,1.0,4.833,4.833
4-5-120-f727177.csv,22098386,0,0,0.677,0.775,9,1.0,1.778,12.111,1.778,12.111,6.813
4-5-120-f727177.csv,31158766,0,0,0.864,0.855,15,1.0,1.467,9.4,1.467,9.4,6.409
4-5-120-f727177.csv,32562748,0,0,0.594,0.754,6,1.0,1.333,7.0,1.333,7.0,5.25
4-5-120-f727177.csv,30940715,0,0,0.732,0.798,30,1.0,1.2,6.433,1.2,6.433,5.361
4-5-120-f727177.csv,23287154,0,0,0.755,0.753,18,3.056,3.611,21.778,1.182,7.127,6.031
4-5-120-f727177.csv,14561763,0,0,0.873,0.855,30,1.0,1.167,6.2,1.167,6.2,5.314
4-5-120-f727177.csv,27939470,0,0,0.763,0.826,30,1.0,1.1,5.4,1.1,5.4,4.909
4-5-120-f727177.csv,28420204,0,0,0.871,0.849,30,1.267,1.467,7.533,1.158,5.947,5.136
4-5-120-f727177.csv,32219778,0,0,0.847,0.842,30,1.0,1.167,6.3,1.167,6.3,5.4
4-5-120-f727177.csv,11178231,0,0,0.858,0.843,30,1.033,1.167,5.9,1.129,5.71,5.057
4-6-150-f727503.csv,6576528,0,0,0.925,0.867,30,1.0,1.333,7.8,1.333,7.8,5.85
4-6-150-f727503.csv,26499212,0,0,0.93,0.88,30,2.967,3.367,21.133,1.135,7.124,6.277
4-6-150-f727503.csv,32302664,0,0,0.814,0.803,30,1.0,1.1,6.2,1.1,6.2,5.636
4-6-150-f727503.csv,11029325,0,0,0.867,0.833,30,1.033,1.167,5.767,1.129,5.581,4.943
4-6-150-f727503.csv,32732290,0,0,0.853,0.84,30,1.0,1.8,10.3,1.8,10.3,5.722
4-6-150-f727503.csv,17679439,0,0,0.791,0.782,30,1.167,2.067,12.7,1.771,10.886,6.145
4-6-150-f727503.csv,20312760,0,0,0.856,0.848,30,3.1,3.767,19.133,1.215,6.172,5.08
4-6-150-f727503.csv,29849805,0,0,0.848,0.849,30,2.033,2.367,15.233,1.164,7.492,6.437
4-6-150-f727503.csv,29661750,0,0,0.761,0.767,3,1.0,1.0,4.333,1.0,4.333,4.333
4-6-150-f727503.csv,32560571,0,0,0.826,0.843,18,3.5,3.833,24.167,1.095,6.905,6.304
4-6-150-f727503.csv,32103286,0,0,0.947,0.877,24,2.625,2.708,18.042,1.032,6.873,6.662
4-6-150-f727503.csv,30442301,0,0,0.83,0.832,30,3.0,3.133,16.133,1.044,5.378,5.149
4-6-150-f727503.csv,27694731,0,0,0.746,0.793,30,1.0,1.6,8.267,1.6,8.267,5.167
4-6-150-f727503.csv,14528761,0,0,0.787,0.793,30,1.0,1.267,8.533,1.267,8.533,6.737
4-6-150-f727503.csv,31241093,0,0,0.699,0.781,30,1.0,1.167,6.433,1.167,6.433,5.514
4-6-150-f727503.csv,3587109,0,0,0.871,0.832,30,1.0,1.7,9.567,1.7,9.567,5.627
4-6-150-f727503.csv,22947672,0,0,0.958,0.879,30,1.0,3.033,18.833,3.033,18.833,6.209
4-6-150-f727503.csv,9926799,0,0,0.82,0.841,30,1.0,1.567,8.233,1.567,8.233,5.255
4-6-150-f727503.csv,18531561,0,0,0.81,0.826,30,1.733,1.833,10.767,1.058,6.212,5.873
4-6-150-f727503.csv,24043308,0,0,0.868,0.833,12,1.0,1.083,6.5,1.083,6.5,6.0
4-6-150-f727503.csv,19907188,0,0,0.818,0.817,6,1.333,2.0,14.667,1.5,11.0,7.333
4-6-150-f727503.csv,10464405,0,0,0.9,0.861,30,3.033,3.167,17.9,1.044,5.901,5.653
4-6-150-f727503.csv,18666417,0,0,0.932,0.88,30,2.933,3.1,16.833,1.057,5.739,5.43
4-6-150-f727503.csv,30901412,0,0,0.831,0.837,30,1.0,1.133,6.833,1.133,6.833,6.029
4-6-150-f727503.csv,31184650,0,0,0.63,0.698,12,1.083,1.583,9.583,1.462,8.846,6.053
4-6-150-f727503.csv,31579138,0,0,0.88,0.858,30,1.067,1.533,9.2,1.438,8.625,6.0
4-6-150-f727503.csv,10798016,0,0,0.917,0.863,30,1.0,1.067,6.1,1.067,6.1,5.719
4-6-150-f727503.csv,25228876,0,0,0.83,0.809,30,1.6,1.8,10.0,1.125,6.25,5.556
4-6-150-f727503.csv,32609988,0,0,0.873,0.845,30,1.033,1.333,7.167,1.29,6.935,5.375
4-6-150-f727503.csv,32654723,0,0,0.755,0.772,21,2.238,2.81,16.857,1.255,7.532,6.0
4-6-150-f727503.csv,1919444,0,0,0.778,0.818,30,1.1,1.567,8.1,1.424,7.364,5.17
4-6-150-f727503.csv,23163165,0,0,0.778,0.802,30,1.6,2.0,10.733,1.25,6.708,5.367
4-6-150-f727503.csv,27081124,0,0,0.838,0.835,30,1.067,1.333,8.4,1.25,7.875,6.3
4-6-150-f727503.csv,31861180,0,0,0.799,0.817,30,1.9,2.033,11.867,1.07,6.246,5.836
4-6-150-f727503.csv,13581319,0,0,0.801,0.821,30,1.0,1.133,6.2,1.133,6.2,5.471
4-6-150-f727503.csv,31757234,0,0,0.833,0.842,9,1.0,1.111,5.222,1.111,5.222,4.7
4-6-150-f727503.csv,31970116,0,0,0.862,0.859,27,1.111,1.259,7.185,1.133,6.467,5.706
4-6-150-f727503.csv,29582088,0,0,0.792,0.786,27,1.0,1.296,6.704,1.296,6.704,5.171
4-6-150-f727503.csv,30769787,0,0,0.83,0.841,24,1.125,1.333,7.875,1.185,7.0,5.906
4-6-150-f727503.csv,32338429,0,0,0.851,0.839,30,2.1,2.333,13.4,1.111,6.381,5.743
4-6-150-f727503.csv,6587538,0,0,0.902,0.857,30,2.0,2.1,11.533,1.05,5.767,5.492
4-6-150-f727503.csv,32173500,0,0,0.783,0.814,30,2.1,2.333,11.633,1.111,5.54,4.986
4-6-150-f727503.csv,6352345,0,0,0.789,0.828,30,1.433,2.333,14.267,1.628,9.953,6.114
4-6-150-f727503.csv,6744840,0,0,0.821,0.823,30,1.0,1.067,5.733,1.067,5.733,5.375
4-6-150-f727503.csv,17950689,0,0,0.917,0.865,30,1.2,1.267,7.3,1.056,6.083,5.763
4-6-150-f727503.csv,9401283,0,0,0.789,0.823,30,1.067,1.667,10.4,1.563,9.75,6.24
4-6-150-f727503.csv,10319610,0,0,0.884,0.839,3,2.0,2.667,14.667,1.333,7.333,5.5
4-6-150-f727503.csv,32125067,0,0,0.888,0.843,30,3.533,3.867,23.567,1.094,6.67,6.095
4-6-150-f727503.csv,14583334,0,0,0.893,0.868,30,1.333,1.367,9.167,1.025,6.875,6.707
4-6-150-f727503.csv,6352682,0,0,0.884,0.866,30,1.067,1.167,6.933,1.094,6.5,5.943
4-6-150-f727503.csv,24696098,0,0,0.781,0.792,3,1.333,1.667,10.667,1.25,8.0,6.4
4-6-150-f727503.csv,15180586,0,0,0.734,0.775,3,1.333,1.333,6.0,1.0,4.5,4.5
4-6-150-f727503.csv,7051387,0,0,0.829,0.778,12,2.333,2.583,13.75,1.107,5.893,5.323
4-6-150-f727503.csv,11096828,0,0,0.816,0.827,30,3.133,3.367,20.833,1.074,6.649,6.188
4-6-150-f727503.csv,11460728,0,0,0.472,0.571,6,1.667,2.167,12.5,1.3,7.5,5.769
4-6-150-f727503.csv,27939470,0,0,0.823,0.844,30,1.0,1.1,5.833,1.1,5.833,5.303
4-6-150-f727503.csv,28420204,0,0,0.838,0.84,30,1.067,1.3,8.2,1.219,7.688,6.308
4-6-150-f727503.csv,32219778,0,0,0.856,0.839,30,1.0,1.2,6.533,1.2,6.533,5.444
4-6-150-f727503.csv,6363498,0,0,0.929,0.857,30,3.9,4.1,21.4,1.051,5.487,5.22
4-7-180-f727918.csv,32549163,0,0,0.844,0.837,18,1.111,2.0,11.833,1.8,10.65,5.917
4-7-180-f727918.csv,26499212,0,0,0.942,0.882,28,2.929,3.179,19.071,1.085,6.512,6.0
4-7-180-f727918.csv,2034278,0,0,0.885,0.866,9,1.444,2.111,13.0,1.462,9.0,6.158
4-7-180-f727918.csv,10798016,0,0,0.995,0.897,30,1.0,1.0,5.7,1.0,5.7,5.7
4-7-180-f727918.csv,17334120,0,0,0.798,0.83,25,2.12,2.36,12.48,1.113,5.887,5.288
4-7-180-f727918.csv,32302664,0,0,0.813,0.827,30,1.0,1.133,5.633,1.133,5.633,4.971
4-7-180-f727918.csv,31130954,0,0,0.822,0.829,15,1.067,1.133,7.067,1.063,6.625,6.235
4-7-180-f727918.csv,4316379,0,0,0.871,0.85,6,1.0,1.5,10.167,1.5,10.167,6.778
4-7-180-f727918.csv,20312760,0,0,0.802,0.844,28,3.143,3.464,18.964,1.102,6.034,5.474
4-7-180-f727918.csv,30940715,0,0,0.872,0.849,30,1.0,1.067,6.2,1.067,6.2,5.813
4-7-180-f727918.csv,12115558,0,0,1.0,0.9,6,1.0,2.167,13.5,2.167,13.5,6.231
4-7-180-f727918.csv,29849805,0,0,0.86,0.853,30,2.0,2.2,14.033,1.1,7.017,6.379
4-7-180-f727918.csv,11096828,0,0,0.734,0.807,30,3.133,3.333,18.367,1.064,5.862,5.51
4-7-180-f727918.csv,24796792,0,0,0.828,0.838,30,1.0,1.233,5.033,1.233,5.033,4.081
4-7-180-f727918.csv,32732290,0,0,0.875,0.861,30,1.0,1.267,6.767,1.267,6.767,5.342
4-7-180-f727918.csv,577723,0,0,0.849,0.853,15,1.0,1.467,8.667,1.467,8.667,5.909
4-7-180-f727918.csv,17272211,0,0,0.795,0.795,30,1.033,1.1,5.367,1.065,5.194,4.879
4-7-180-f727918.csv,6587538,0,0,0.754,0.807,30,2.0,2.2,10.8,1.1,5.4,4.909
4-7-180-f727918.csv,30758231,0,0,0.889,0.857,14,1.0,1.714,9.857,1.714,9.857,5.75
4-7-180-f727918.csv,13581319,0,0,0.767,0.81,30,1.0,1.1,4.9,1.1,4.9,4.455
4-7-180-f727918.csv,3587109,0,0,0.816,0.81,30,1.0,1.7,8.8,1.7,8.8,5.176
4-7-180-f727918.csv,22947672,0,0,0.945,0.879,23,1.0,2.783,15.652,2.783,15.652,5.625
4-7-180-f727918.csv,32306791,0,0,1.0,0.9,30,1.0,1.0,5.133,1.0,5.133,5.133
4-7-180-f727918.csv,7051387,0,0,0.877,0.847,30,2.1,2.133,10.233,1.016,4.873,4.797
4-7-180-f727918.csv,18531561,0,0,0.75,0.793,30,1.7,1.7,8.3,1.0,4.882,4.882
4-7-180-f727918.csv,27770607,0,0,0.696,0.787,3,1.667,2.0,12.0,1.2,7.2,6.0
4-7-180-f727918.csv,6352682,0,0,0.92,0.865,28,1.107,1.107,6.643,1.0,6.0,6.0
4-7-180-f727918.csv,23743236,0,0,0.777,0.798,30,1.3,1.733,9.3,1.333,7.154,5.365
4-7-180-f727918.csv,19425875,0,0,0.836,0.833,3,1.0,1.0,6.667,1.0,6.667,6.667
4-7-180-f727918.csv,21873876,0,0,0.796,0.812,5,1.0,1.8,12.6,1.8,12.6,7.0
4-7-180-f727918.csv,32491845,0,0,0.867,0.841,9,1.0,1.111,8.0,1.111,8.0,7.2
4-7-180-f727918.csv,19294877,0,0,0.942,0.867,6,2.333,2.5,16.167,1.071,6.929,6.467
4-7-180-f727918.csv,18666417,0,0,0.85,0.838,30,3.0,3.267,17.5,1.089,5.833,5.357
4-7-180-f727918.csv,31848723,0,0,0.981,0.893,29,1.0,1.0,5.759,1.0,5.759,5.759
4-7-180-f727918.csv,27754226,0,0,0.886,0.845,24,1.167,1.25,9.083,1.071,7.786,7.267
4-7-180-f727918.csv,27914150,0,0,0.782,0.806,30,1.067,1.067,5.567,1.0,5.219,5.219
4-7-180-f727918.csv,27081124,0,0,0.826,0.833,30,1.0,1.233,7.367,1.233,7.367,5.973
4-7-180-f727918.csv,30313955,0,0,0.859,0.858,8,1.0,1.75,9.875,1.75,9.875,5.643
4-7-180-f727918.csv,31579138,0,0,0.794,0.793,30,1.067,1.933,11.833,1.813,11.094,6.121
4-7-180-f727918.csv,27578882,0,0,0.884,0.861,30,1.067,1.767,10.267,1.656,9.625,5.811
4-7-180-f727918.csv,30549979,0,0,0.594,0.691,6,3.0,3.333,17.667,1.111,5.889,5.3
4-7-180-f727918.csv,22052203,0,0,0.925,0.868,30,1.0,1.267,7.1,1.267,7.1,5.605
4-7-180-f727918.csv,1919444,0,0,0.859,0.841,30,1.133,1.267,5.9,1.118,5.206,4.658
4-7-180-f727918.csv,21913197,0,0,0.982,0.895,30,2.0,2.0,12.433,1.0,6.217,6.217
4-7-180-f727918.csv,31508822,0,0,0.899,0.873,26,1.885,2.192,12.538,1.163,6.653,5.719
4-7-180-f727918.csv,15864091,0,0,0.836,0.838,28,1.071,1.143,6.25,1.067,5.833,5.469
4-7-180-f727918.csv,18793920,0,0,0.821,0.816,30,3.0,3.0,14.133,1.0,4.711,4.711
4-7-180-f727918.csv,31861180,0,0,0.72,0.774,30,1.933,2.1,11.933,1.086,6.172,5.683
4-7-180-f727918.csv,11008671,0,0,0.749,0.801,9,1.444,1.556,10.556,1.077,7.308,6.786
4-7-180-f727918.csv,32254355,0,0,0.843,0.812,12,2.333,2.417,17.583,1.036,7.536,7.276
4-7-180-f727918.csv,30326627,0,0,0.942,0.879,4,1.75,1.75,11.0,1.0,6.286,6.286
4-7-180-f727918.csv,30901412,0,0,0.845,0.823,30,1.0,1.0,5.367,1.0,5.367,5.367
4-7-180-f727918.csv,21467491,0,0,0.899,0.874,6,1.0,1.667,10.0,1.667,10.0,6.0
4-7-180-f727918.csv,32338429,0,0,0.848,0.857,30,1.1,1.467,8.167,1.333,7.424,5.568
4-7-180-f727918.csv,17950689,0,0,0.739,0.786,30,1.4,1.5,7.633,1.071,5.452,5.089
4-7-180-f727918.csv,32173500,0,0,0.823,0.822,28,2.0,2.036,10.0,1.018,5.0,4.912
4-7-180-f727918.csv,6331514,0,0,0.884,0.851,30,1.2,2.033,12.133,1.694,10.111,5.967
4-7-180-f727918.csv,6576528,0,0,0.965,0.883,30,1.0,1.367,8.933,1.367,8.933,6.537
4-7-180-f727918.csv,6744840,0,0,0.875,0.857,30,1.067,1.067,6.167,1.0,5.781,5.781
4-7-180-f727918.csv,10213750,0,0,0.775,0.814,8,1.625,2.625,17.125,1.615,10.538,6.524
4-7-180-f727918.csv,9401283,0,0,0.819,0.837,9,1.556,1.889,10.0,1.214,6.429,5.294
4-7-180-f727918.csv,10319610,0,0,0.793,0.817,30,1.667,1.767,9.067,1.06,5.44,5.132
4-7-180-f727918.csv,28703583,0,0,0.812,0.821,30,1.0,1.2,7.5,1.2,7.5,6.25
4-7-180-f727918.csv,27939470,0,0,0.856,0.845,30,1.0,1.1,6.3,1.1,6.3,5.727
4-7-180-f727918.csv,23163165,0,0,0.883,0.858,30,1.567,1.667,7.633,1.064,4.872,4.58
4-7-180-f727918.csv,14583334,0,0,0.837,0.831,30,1.6,1.633,10.167,1.021,6.354,6.224
4-7-180-f727918.csv,13864884,0,0,0.801,0.823,10,1.0,1.2,5.7,1.2,5.7,4.75
4-7-180-f727918.csv,20411346,0,0,0.775,0.796,6,1.0,1.0,4.667,1.0,4.667,4.667
4-7-180-f727918.csv,31947120,0,0,0.832,0.849,26,1.0,2.115,12.885,2.115,12.885,6.091
4-7-180-f727918.csv,24696098,0,0,0.884,0.856,30,1.0,1.633,10.5,1.633,10.5,6.429
4-7-180-f727918.csv,32087449,0,0,0.961,0.888,30,1.0,1.033,4.767,1.033,4.767,4.613
4-7-180-f727918.csv,31184650,0,0,0.852,0.848,30,1.1,1.667,10.1,1.515,9.182,6.06
4-7-180-f727918.csv,23287154,0,0,0.862,0.82,30,3.267,3.433,19.633,1.051,6.01,5.718
4-7-180-f727918.csv,31241093,0,0,0.72,0.79,30,1.0,1.067,5.433,1.067,5.433,5.094
4-7-180-f727918.csv,11460728,0,0,0.824,0.824,30,2.033,2.233,12.433,1.098,6.115,5.567
4-7-180-f727918.csv,31302995,0,0,0.96,0.867,6,3.0,3.0,17.5,1.0,5.833,5.833
4-7-180-f727918.csv,26473900,0,0,0.608,0.747,2,1.0,2.0,15.5,2.0,15.5,7.75
4-7-180-f727918.csv,28420204,0,0,0.871,0.85,28,1.0,1.25,7.464,1.25,7.464,5.971
4-7-180-f727918.csv,21484973,0,0,0.727,0.803,24,1.0,1.458,9.667,1.458,9.667,6.629
4-8-210-f729244.csv,6576528,0,0,0.957,0.88,30,1.0,1.2,7.167,1.2,7.167,5.972
4-8-210-f729244.csv,32306791,0,0,1.0,0.9,30,1.0,1.0,4.333,1.0,4.333,4.333
4-8-210-f729244.csv,9001027,0,0,0.843,0.851,30,2.867,2.9,16.333,1.012,5.698,5.632
4-8-210-f729244.csv,17272211,0,0,0.813,0.819,30,1.0,1.1,5.133,1.1,5.133,4.667
4-8-210-f729244.csv,6587538,0,0,0.862,0.85,30,2.0,2.033,9.7,1.017,4.85,4.77
4-8-210-f729244.csv,31241093,0,0,0.76,0.797,30,1.0,1.2,6.633,1.2,6.633,5.528
4-8-210-f729244.csv,22984878,0,0,0.742,0.767,6,1.0,2.0,11.667,2.0,11.667,5.833
4-8-210-f729244.csv,21873876,0,0,0.891,0.847,15,1.0,2.2,13.467,2.2,13.467,6.121
4-8-210-f729244.csv,30313955,0,0,0.874,0.837,30,1.0,1.467,9.0,1.467,9.0,6.136
4-8-210-f729244.csv,26477466,0,0,0.761,0.845,6,4.667,4.833,32.333,1.036,6.929,6.69
4-8-210-f729244.csv,26904668,0,0,0.866,0.842,30,1.0,1.533,8.567,1.533,8.567,5.587
4-8-210-f729244.csv,32609988,0,0,0.921,0.867,3,1.0,1.0,6.0,1.0,6.0,6.0
4-8-210-f729244.csv,22518719,0,0,1.0,0.9,3,1.0,1.0,6.0,1.0,6.0,6.0
4-8-210-f729244.csv,32254355,0,0,0.866,0.866,21,2.857,3.0,18.905,1.05,6.617,6.302
4-8-210-f729244.csv,17950689,0,0,0.801,0.799,30,1.4,1.433,7.9,1.024,5.643,5.512
4-8-210-f729244.csv,9401283,0,0,0.898,0.864,30,1.9,2.033,14.2,1.07,7.474,6.984
4-8-210-f729244.csv,32223491,0,0,0.969,0.883,6,1.0,1.167,7.167,1.167,7.167,6.143
4-8-210-f729244.csv,6352682,0,0,0.954,0.881,30,1.067,1.067,6.9,1.0,6.469,6.469
4-8-210-f729244.csv,30815980,0,0,1.0,0.9,3,1.333,2.0,10.667,1.5,8.0,5.333
4-8-210-f729244.csv,32162555,0,0,0.867,0.846,21,1.429,2.952,19.81,2.067,13.867,6.71
4-8-210-f729244.csv,13581319,0,0,0.878,0.848,30,1.0,1.033,5.533,1.033,5.533,5.355
4-8-210-f729244.csv,3587109,0,0,0.891,0.856,30,1.0,1.867,9.533,1.867,9.533,5.107
4-8-210-f729244.csv,31813170,0,0,0.775,0.823,6,1.5,1.833,11.0,1.222,7.333,6.0
4-8-210-f729244.csv,31726043,0,0,1.0,0.9,30,1.0,1.0,6.0,1.0,6.0,6.0
4-8-210-f729244.csv,23743236,0,0,0.856,0.841,30,1.5,1.7,8.733,1.133,5.822,5.137
4-8-210-f729244.csv,19854505,0,0,0.817,0.833,18,1.778,2.333,15.167,1.313,8.531,6.5
4-8-210-f729244.csv,32549163,0,0,0.775,0.808,30,1.067,1.867,11.9,1.75,11.156,6.375
4-8-210-f729244.csv,10798016,0,0,0.872,0.845,30,1.0,1.2,6.567,1.2,6.567,5.472
4-8-210-f729244.csv,32438173,0,0,1.0,0.9,30,1.0,1.0,3.733,1.0,3.733,3.733
4-8-210-f729244.csv,31508822,0,0,0.832,0.841,30,2.1,2.6,15.567,1.238,7.413,5.987
4-8-210-f729244.csv,15864091,0,0,0.899,0.859,15,1.0,1.4,8.667,1.4,8.667,6.19
4-8-210-f729244.csv,31861180,0,0,0.772,0.818,30,1.667,1.9,10.333,1.14,6.2,5.439
4-8-210-f729244.csv,18985376,0,0,0.895,0.86,3,1.667,1.667,10.0,1.0,6.0,6.0
4-8-210-f729244.csv,28196895,0,0,0.843,0.849,15,1.933,2.2,13.0,1.138,6.724,5.909
4-8-210-f729244.csv,32732290,0,0,0.882,0.843,30,1.0,1.5,9.5,1.5,9.5,6.333
4-8-210-f729244.csv,22098386,0,0,0.914,0.875,3,1.0,1.667,11.0,1.667,11.0,6.6
4-8-210-f729244.csv,6331127,0,0,0.858,0.836,15,1.067,2.0,11.867,1.875,11.125,5.933
4-8-210-f729244.csv,31948147,0,0,0.829,0.834,30,2.4,2.467,13.133,1.028,5.472,5.324
4-8-210-f729244.csv,16342057,0,0,0.854,0.851,15,2.733,3.267,18.733,1.195,6.854,5.735
4-8-210-f729244.csv,14583334,0,0,0.834,0.822,30,1.567,1.767,12.2,1.128,7.787,6.906
4-8-210-f729244.csv,13864884,0,0,0.845,0.828,30,1.0,1.567,9.933,1.567,9.933,6.34
4-8-210-f729244.csv,32087449,0,0,0.983,0.893,30,1.0,1.033,5.333,1.033,5.333,5.161
4-8-210-f729244.csv,23287154,0,0,0.851,0.829,30,3.333,4.133,24.767,1.24,7.43,5.992
4-8-210-f729244.csv,11460728,0,0,0.838,0.833,30,1.567,1.833,11.1,1.17,7.085,6.055
4-8-210-f729244.csv,27939470,0,0,0.812,0.797,6,1.0,1.333,7.667,1.333,7.667,5.75
4-8-210-f729244.csv,6265353,0,0,0.83,0.841,24,2.292,2.958,18.5,1.291,8.073,6.254
4-8-210-f729244.csv,30398579,0,0,0.63,0.765,30,2.867,3.167,17.367,1.105,6.058,5.484
4-8-210-f729244.csv,29849805,0,0,0.91,0.863,30,2.0,2.133,14.033,1.067,7.017,6.578
4-8-210-f729244.csv,24796792,0,0,0.831,0.824,30,1.0,1.167,5.8,1.167,5.8,4.971
4-8-210-f729244.csv,6450461,0,0,0.863,0.849,30,1.2,2.567,14.467,2.139,12.056,5.636
4-8-210-f729244.csv,13300986,0,0,0.793,0.819,12,1.083,1.25,8.083,1.154,7.462,6.467
4-8-210-f729244.csv,31129918,0,0,0.873,0.863,12,2.25,2.833,18.667,1.259,8.296,6.588
4-8-210-f729244.csv,18531561,0,0,0.775,0.808,30,1.6,1.767,9.6,1.104,6.0,5.434
4-8-210-f729244.csv,31009728,0,0,0.746,0.796,21,1.333,1.571,8.762,1.179,6.571,5.576
4-8-210-f729244.csv,28103910,0,0,0.818,0.838,30,1.0,1.167,6.033,1.167,6.033,5.171
4-8-210-f729244.csv,27914150,0,0,0.852,0.854,30,1.033,1.067,7.0,1.032,6.774,6.563
4-8-210-f729244.csv,23163165,0,0,0.821,0.824,30,1.967,2.0,9.433,1.017,4.797,4.717
4-8-210-f729244.csv,29582088,0,0,0.841,0.832,30,1.0,1.167,6.533,1.167,6.533,5.6
4-8-210-f729244.csv,32338429,0,0,0.743,0.797,30,1.133,1.7,10.0,1.5,8.824,5.882
4-8-210-f729244.csv,7397477,0,0,0.749,0.778,18,1.0,2.111,13.056,2.111,13.056,6.184
4-8-210-f729244.csv,32173500,0,0,0.815,0.838,30,1.9,1.9,9.033,1.0,4.754,4.754
4-8-210-f729244.csv,6331514,0,0,0.954,0.877,12,1.083,1.917,11.917,1.769,11.0,6.217
4-8-210-f729244.csv,6744840,0,0,0.912,0.87,30,1.0,1.033,5.633,1.033,5.633,5.452
4-8-210-f729244.csv,10319610,0,0,0.797,0.832,30,1.767,1.767,9.033,1.0,5.113,5.113
4-8-210-f729244.csv,32562748,0,0,0.849,0.844,30,1.0,1.267,7.5,1.267,7.5,5.921
4-8-210-f729244.csv,28420204,0,0,0.841,0.849,9,1.0,1.222,7.556,1.222,7.556,6.182
4-8-210-f729244.csv,11178231,0,0,0.827,0.827,30,1.067,2.0,12.533,1.875,11.75,6.267
4-8-210-f729244.csv,32362391,0,0,0.91,0.861,27,1.926,2.296,13.148,1.192,6.827,5.726
4-8-210-f729244.csv,31848723,0,0,0.99,0.898,30,1.0,1.033,5.2,1.033,5.2,5.032
4-8-210-f729244.csv,20312760,0,0,0.831,0.813,30,3.2,3.567,19.9,1.115,6.219,5.579
4-8-210-f729244.csv,24043308,0,0,0.874,0.852,30,1.033,1.067,7.167,1.032,6.935,6.719
4-8-210-f729244.csv,22947672,0,0,0.916,0.87,30,1.0,2.8,16.8,2.8,16.8,6.0
4-8-210-f729244.csv,11008671,0,0,0.777,0.801,18,1.944,2.611,17.0,1.343,8.743,6.511
4-8-210-f729244.csv,18666417,0,0,0.877,0.844,30,2.967,3.033,16.0,1.022,5.393,5.275
4-8-210-f729244.csv,11382239,0,0,0.802,0.807,9,1.889,2.222,14.889,1.176,7.882,6.7
4-8-210-f729244.csv,19094317,0,0,0.789,0.84,30,1.0,1.233,6.933,1.233,6.933,5.622
4-8-210-f729244.csv,31579138,0,0,0.9,0.858,30,1.133,1.933,11.367,1.706,10.029,5.879
4-8-210-f729244.csv,1919444,0,0,0.866,0.849,30,1.2,1.367,7.433,1.139,6.194,5.439
4-8-210-f729244.csv,18614189,0,0,0.885,0.869,21,1.0,1.857,11.714,1.857,11.714,6.308
4-8-210-f729244.csv,30442301,0,0,0.742,0.763,30,2.967,3.4,19.567,1.146,6.596,5.755
4-8-210-f729244.csv,30901412,0,0,0.828,0.841,30,1.0,1.167,6.7,1.167,6.7,5.743
4-8-210-f729244.csv,31947120,0,0,0.808,0.834,30,2.167,2.933,18.2,1.354,8.4,6.205
4-8-210-f729244.csv,16779780,0,0,0.849,0.831,12,2.583,4.833,29.167,1.871,11.29,6.034
4-8-210-f729244.csv,28703583,0,0,0.892,0.867,30,1.0,1.1,6.267,1.1,6.267,5.697
4-8-210-f729244.csv,6352345,0,0,0.77,0.804,30,1.567,2.033,13.0,1.298,8.298,6.393
4-8-210-f729244.csv,18805669,0,0,0.838,0.843,30,1.0,1.3,7.6,1.3,7.6,5.846
4-8-210-f729244.csv,28627999,0,0,0.917,0.874,15,1.0,2.0,11.6,2.0,11.6,5.8
4-8-210-f729244.csv,31184650,0,0,0.739,0.815,30,1.233,1.867,10.9,1.514,8.838,5.839
4-9-264-f730379.csv,6576528,0,0,0.97,0.887,30,1.0,1.333,8.2,1.333,8.2,6.15
4-9-264-f730379.csv,17679439,0,0,0.862,0.849,30,1.3,2.833,17.733,2.179,13.641,6.259
4-9-264-f730379.csv,21813440,0,0,0.73,0.796,30,1.8,2.4,16.3,1.333,9.056,6.792
4-9-264-f730379.csv,22429517,0,0,0.721,0.805,9,1.889,2.333,12.222,1.235,6.471,5.238
4-9-264-f730379.csv,17272211,0,0,0.863,0.827,30,1.0,1.167,5.7,1.167,5.7,4.886
4-9-264-f730379.csv,32660177,0,0,1.0,0.9,30,1.0,1.2,7.0,1.2,7.0,5.833
4-9-264-f730379.csv,30758231,0,0,0.898,0.856,18,1.0,1.722,11.167,1.722,11.167,6.484
4-9-264-f730379.csv,31241093,0,0,0.854,0.84,30,1.0,1.067,5.967,1.067,5.967,5.594
4-9-264-f730379.csv,30064988,0,0,0.917,0.874,9,2.333,2.444,15.222,1.048,6.524,6.227
4-9-264-f730379.csv,11521789,0,0,0.793,0.828,30,1.133,2.433,16.467,2.147,14.529,6.767
4-9-264-f730379.csv,21873876,0,0,0.82,0.807,30,1.0,2.433,14.767,2.433,14.767,6.068
4-9-264-f730379.csv,30313955,0,0,0.823,0.79,30,1.0,1.5,10.333,1.5,10.333,6.889
4-9-264-f730379.csv,31139768,0,0,0.929,0.87,30,1.0,1.533,10.067,1.533,10.067,6.565
4-9-264-f730379.csv,26904668,0,0,0.884,0.847,30,1.0,1.433,8.267,1.433,8.267,5.767
4-9-264-f730379.csv,25228876,0,0,0.81,0.822,30,2.033,2.367,15.8,1.164,7.77,6.676
4-9-264-f730379.csv,32609988,0,0,0.877,0.847,15,1.0,1.267,7.2,1.267,7.2,5.684
4-9-264-f730379.csv,32254355,0,0,0.842,0.832,30,3.4,3.833,24.067,1.127,7.078,6.278
4-9-264-f730379.csv,9001027,0,0,0.822,0.847,30,2.8,3.267,20.033,1.167,7.155,6.133
4-9-264-f730379.csv,17950689,0,0,0.93,0.864,30,1.233,1.233,7.467,1.0,6.054,6.054
4-9-264-f730379.csv,9401283,0,0,0.765,0.823,27,1.852,2.481,15.074,1.34,8.14,6.075
4-9-264-f730379.csv,31517316,0,0,0.889,0.86,9,1.111,2.333,14.889,2.1,13.4,6.381
4-9-264-f730379.csv,30012423,0,0,0.784,0.798,30,1.0,1.133,6.833,1.133,6.833,6.029
4-9-264-f730379.csv,6352682,0,0,0.912,0.86,30,1.0,1.067,6.633,1.067,6.633,6.219
4-9-264-f730379.csv,1890003,0,0,0.804,0.812,21,1.476,1.571,8.952,1.065,6.065,5.697
4-9-264-f730379.csv,8116239,0,0,0.753,0.818,30,2.267,2.767,16.433,1.221,7.25,5.94
4-9-264-f730379.csv,17101387,0,0,0.88,0.837,30,1.0,1.233,6.3,1.233,6.3,5.108
4-9-264-f730379.csv,31345986,0,0,0.861,0.844,6,1.5,1.667,10.833,1.111,7.222,6.5
4-9-264-f730379.csv,32315693,0,0,0.942,0.878,9,1.0,1.667,9.0,1.667,9.0,5.4
4-9-264-f730379.csv,13581319,0,0,0.882,0.85,30,1.0,1.033,5.467,1.033,5.467,5.29
4-9-264-f730379.csv,31813170,0,0,0.75,0.813,30,2.0,2.333,13.8,1.167,6.9,5.914
4-9-264-f730379.csv,32350671,0,0,0.894,0.853,30,1.0,1.833,9.9,1.833,9.9,5.4
4-9-264-f730379.csv,23743236,0,0,0.73,0.817,3,2.0,2.0,8.667,1.0,4.333,4.333
4-9-264-f730379.csv,19053597,0,0,0.899,0.858,12,1.0,1.167,7.833,1.167,7.833,6.714
4-9-264-f730379.csv,21432964,0,0,0.868,0.854,30,1.267,2.367,16.9,1.868,13.342,7.141
4-9-264-f730379.csv,19689350,0,0,0.805,0.814,30,1.3,1.767,10.567,1.359,8.128,5.981
4-9-264-f730379.csv,30489373,0,0,0.77,0.816,30,1.7,2.067,12.2,1.216,7.176,5.903
4-9-264-f730379.csv,32549163,0,0,0.884,0.837,30,1.0,1.8,10.867,1.8,10.867,6.037
4-9-264-f730379.csv,10798016,0,0,0.961,0.883,30,1.0,1.0,5.667,1.0,5.667,5.667
4-9-264-f730379.csv,8672587,0,0,0.835,0.824,30,2.267,2.667,18.2,1.176,8.029,6.825
4-9-264-f730379.csv,32438173,0,0,0.994,0.897,30,1.0,1.033,3.933,1.033,3.933,3.806
4-9-264-f730379.csv,31508822,0,0,0.762,0.814,30,1.833,2.233,12.467,1.218,6.8,5.582
4-9-264-f730379.csv,15864091,0,0,0.951,0.88,30,1.0,1.6,9.0,1.6,9.0,5.625
4-9-264-f730379.csv,32732290,0,0,0.912,0.858,30,1.0,1.1,7.6,1.1,7.6,6.909
4-9-264-f730379.csv,24779993,0,0,0.851,0.839,9,1.889,2.111,12.778,1.118,6.765,6.053
4-9-264-f730379.csv,31948147,0,0,0.736,0.776,3,2.333,3.667,21.333,1.571,9.143,5.818
4-9-264-f730379.csv,30880172,0,0,0.8,0.799,30,1.0,1.567,10.3,1.567,10.3,6.574
4-9-264-f730379.csv,14583334,0,0,0.78,0.81,30,1.733,2.167,14.167,1.25,8.173,6.538
4-9-264-f730379.csv,8372126,0,0,0.9,0.867,30,1.0,1.5,9.767,1.5,9.767,6.511
4-9-264-f730379.csv,32844512,0,0,0.922,0.875,6,1.0,1.333,8.333,1.333,8.333,6.25
4-9-264-f730379.csv,32087449,0,0,0.989,0.896,30,1.0,1.0,4.633,1.0,4.633,4.633
4-9-264-f730379.csv,23930372,0,0,0.867,0.863,15,2.0,2.333,16.0,1.167,8.0,6.857
4-9-264-f730379.csv,23287154,0,0,0.777,0.786,30,3.733,4.7,27.233,1.259,7.295,5.794
4-9-264-f730379.csv,32610458,0,0,0.846,0.83,18,1.778,2.111,12.0,1.188,6.75,5.684
4-9-264-f730379.csv,11460728,0,0,0.767,0.811,30,1.967,2.3,16.167,1.169,8.22,7.029
4-9-264-f730379.csv,26544151,0,0,0.814,0.814,30,3.233,4.833,31.7,1.495,9.804,6.559
4-9-264-f730379.csv,27939470,0,0,0.834,0.823,30,1.0,1.167,6.967,1.167,6.967,5.971
4-9-264-f730379.csv,28448810,0,0,1.0,0.9,3,1.0,1.0,4.0,1.0,4.0,4.0
4-9-264-f730379.csv,32302664,0,0,0.845,0.855,12,1.0,1.333,7.25,1.333,7.25,5.438
4-9-264-f730379.csv,29849805,0,0,0.903,0.86,30,1.933,2.167,14.367,1.121,7.431,6.631
4-9-264-f730379.csv,24796792,0,0,0.843,0.833,30,1.0,1.3,5.667,1.3,5.667,4.359
4-9-264-f730379.csv,13300986,0,0,0.881,0.851,9,1.111,1.111,7.778,1.0,7.0,7.0
4-9-264-f730379.csv,30326627,0,0,0.815,0.837,15,1.467,1.667,9.867,1.136,6.727,5.92
4-9-264-f730379.csv,10959404,0,0,0.813,0.82,18,1.0,1.444,9.167,1.444,9.167,6.346
4-9-264-f730379.csv,18531561,0,0,0.873,0.856,30,1.6,1.867,10.333,1.167,6.458,5.536
4-9-264-f730379.csv,28103910,0,0,0.875,0.854,30,1.0,1.167,6.367,1.167,6.367,5.457
4-9-264-f730379.csv,27914150,0,0,0.799,0.818,30,1.067,1.2,6.867,1.125,6.438,5.722
4-9-264-f730379.csv,15423729,0,0,0.918,0.869,18,1.167,2.111,12.778,1.81,10.952,6.053
4-9-264-f730379.csv,22052203,0,0,0.853,0.851,30,1.0,1.333,8.2,1.333,8.2,6.15
4-9-264-f730379.csv,23163165,0,0,0.867,0.836,30,1.633,1.667,8.4,1.02,5.143,5.04
4-9-264-f730379.csv,31757234,0,0,0.898,0.867,3,1.0,1.0,8.333,1.0,8.333,8.333
4-9-264-f730379.csv,20312760,0,0,0.855,0.839,30,2.933,3.267,17.7,1.114,6.034,5.418
4-9-264-f730379.csv,25257275,0,0,0.894,0.852,30,1.167,1.367,9.2,1.171,7.886,6.732
4-9-264-f730379.csv,6587538,0,0,0.878,0.841,30,2.0,2.133,12.1,1.067,6.05,5.672
4-9-264-f730379.csv,32173500,0,0,0.868,0.844,30,2.067,2.067,10.567,1.0,5.113,5.113
4-9-264-f730379.csv,6331514,0,0,0.938,0.875,30,1.4,1.967,11.867,1.405,8.476,6.034
4-9-264-f730379.csv,6744840,0,0,0.867,0.851,30,1.0,1.1,6.8,1.1,6.8,6.182
4-9-264-f730379.csv,10319610,0,0,0.787,0.809,30,1.767,1.967,9.0,1.113,5.094,4.576
4-9-264-f730379.csv,29122434,0,0,0.909,0.856,30,2.067,2.167,14.267,1.048,6.903,6.585
4-9-264-f730379.csv,1966113,0,0,0.904,0.858,21,1.381,1.667,11.238,1.207,8.138,6.743
4-9-264-f730379.csv,31883685,0,0,0.596,0.758,3,1.0,1.333,7.667,1.333,7.667,5.75
4-9-264-f730379.csv,28420204,0,0,0.877,0.846,30,1.0,1.233,8.0,1.233,8.0,6.486
4-9-264-f730379.csv,29756799,0,0,0.901,0.867,9,1.0,1.444,9.222,1.444,9.222,6.385
4-9-264-f730379.csv,31848723,0,0,1.0,0.9,6,1.0,1.0,3.333,1.0,3.333,3.333
4-9-264-f730379.csv,6344072,0,0,0.8,0.793,15,1.0,1.333,7.333,1.333,7.333,5.5
4-9-264-f730379.csv,14528761,0,0,0.88,0.86,30,1.0,1.3,8.733,1.3,8.733,6.718
4-9-264-f730379.csv,24043308,0,0,0.888,0.857,30,1.367,1.6,11.567,1.171,8.463,7.229
4-9-264-f730379.csv,16779780,0,0,0.904,0.843,30,1.467,3.1,19.233,2.114,13.114,6.204
4-9-264-f730379.csv,11008671,0,0,0.839,0.83,21,1.619,1.81,10.619,1.118,6.559,5.868
4-9-264-f730379.csv,11178231,0,0,0.726,0.797,30,1.033,1.6,9.967,1.548,9.645,6.229
4-9-264-f730379.csv,18666417,0,0,0.775,0.78,30,2.867,3.333,18.167,1.163,6.337,5.45
4-9-264-f730379.csv,31579138,0,0,0.937,0.88,30,1.0,1.867,11.5,1.867,11.5,6.161
4-9-264-f730379.csv,19020597,0,0,0.898,0.844,30,2.067,3.267,22.233,1.581,10.758,6.806
4-9-264-f730379.csv,1919444,0,0,0.865,0.851,30,1.267,1.533,8.133,1.211,6.421,5.304
4-9-264-f730379.csv,18466403,0,0,0.869,0.86,30,1.0,1.733,12.267,1.733,12.267,7.077
4-9-264-f730379.csv,18793920,0,0,0.883,0.848,18,1.0,1.056,4.722,1.056,4.722,4.474
4-9-264-f730379.csv,21788954,0,0,0.726,0.782,30,1.667,2.333,12.933,1.4,7.76,5.543
4-9-264-f730379.csv,30901412,0,0,0.828,0.842,30,1.0,1.233,7.0,1.233,7.0,5.676
4-9-264-f730379.csv,22947672,0,0,0.964,0.89,30,1.0,2.733,15.433,2.733,15.433,5.646
4-9-264-f730379.csv,32411118,0,0,0.966,0.886,6,1.167,1.333,8.167,1.143,7.0,6.125
4-9-264-f730379.csv,30940715,0,0,0.749,0.821,30,1.0,1.2,6.667,1.2,6.667,5.556
4-9-264-f730379.csv,28703583,0,0,0.94,0.879,30,1.033,1.067,6.5,1.032,6.29,6.094
4-9-264-f730379.csv,31767535,0,0,0.796,0.802,30,1.933,2.167,15.0,1.121,7.759,6.923
4-9-264-f730379.csv,6352345,0,0,0.824,0.845,30,1.167,1.9,12.133,1.629,10.4,6.386
4-9-264-f730379.csv,18805669,0,0,0.808,0.829,12,1.083,1.083,5.75,1.0,5.308,5.308
4-9-264-f730379.csv,7074645,0,0,0.859,0.854,18,1.0,1.444,7.389,1.444,7.389,5.115
4-9-264-f730379.csv,31184650,0,0,0.855,0.845,30,1.367,1.767,10.567,1.293,7.732,5.981
4-9-264-f730379.csv,29107145,0,0,0.805,0.829,24,1.625,2.625,16.667,1.615,10.256,6.349
4-9-264-f730379.csv,29582088,0,0,0.795,0.834,30,1.0,1.333,8.2,1.333,8.2,6.15
